name,address,phone,website,latitude,longitude,rating,userRatingsTotal,price_info,opening_hours,businessStatus,searchCity,placeId
レイスポEチEラブ岡山,日本、、E00-0944 岡山県岡山市南区泉田E丁目EEEE086-233-2626,http://ray-sports.jp/,34.62811,133.915133,3.5,71,,月曜日: 9晁E0刁EE2晁E0刁E 火曜日: 9晁E0刁EE2晁E0刁E 水曜日: 9晁E0刁EE2晁E0刁E 木曜日: 9晁E0刁EE2晁E0刁E 金曜日: 9晁E0刁EE2晁E0刁E 土曜日: 9晁E0刁EE9晁E0刁E 日曜日: 9晁E0刁EE8晁E0刁EOPERATIONAL,岡山币EChIJl4Kk-Hf4UzURo2ZxNMZCG-o
オーバルスポEチEム妹尾,日本、、E01-0205 岡山県岡山市南区妹尾E１９EEE086-209-0080,http://www.oval-sports.com/schedule/senoo.html,34.609217,133.863462,3,21,,月曜日: 9晁E0刁EE9晁E0刁E 火曜日: 9晁E0刁EE1晁E0刁E 水曜日: 9晁E0刁EE1晁E0刁E 木曜日: 9晁E0刁EE1晁E0刁E 金曜日: 9晁E0刁EE1晁E0刁E 土曜日: 9晁E0刁EE8晁E0刁E 日曜日: 9晁E0刁EE3晁E0刁EOPERATIONAL,岡山币EChIJQUmgzNP-UzURoY6V9QEgCA0
岡山みめEE温況E大家族E湯,日本、、E01-0144 岡山県岡山市北区乁EE９７EEE,https://www.daikazokunoyu.jp/,34.6478067,133.8715127,3.9,1504,,月曜日: 7晁E0刁EE23晁E0刁E 火曜日: 7晁E0刁EE3晁E0刁E 水曜日: 7晁E0刁EE3晁E0刁E 木曜日: 7晁E0刁EE3晁E0刁E 金曜日: 7晁E0刁EE3晁E0刁E 土曜日: 7晁E0刁EE3晁E0刁E 日曜日: 7晁E0刁EE3晁E0刁EOPERATIONAL,岡山币EChIJrQeRR6r4UzURlULDCsQTgWo
カーブス 表町,日本、、E00-0822 岡山県岡山市北区表町E丁目EEE！E2F,086-232-7239,https://www.curves.co.jp/gmb690/?s_id=90218,34.6646005,133.9299451,3.1,7,,"月曜日: 10晁E0刁EE3晁E0刁E 15晁E0刁EE9晁E0刁E 火EEE日: 10晁E0刁EE3晁E0刁E 15晁E0刁EE9晁E0刁E 水曜日: 10晁E0刁EE3晁E0刁E 15晁E0刁EE9晁E0刁E 木曜日: 10晁E0刁EE3晁E0刁E 15晁E0刁EE9晁E0刁E 金曜日: 10晁E0刁EE3晁E0刁E 15晁E0刁EE9晁E0刁E 土曜日: 10晁E0刁EE3晁E0刁E 日曜日: 定休日",OPERATIONAL,岡山币EChIJ0zlT1zAGVDURgF3F9JngtEs
ゼロ戦クラチE日本、、E00-0971 岡山県岡山市北区野田E丁目E３EEE野田パEクビル EF,086-244-6806,https://zero-fight.com/,34.654123,133.9031501,3.4,13,,月曜日: 24 時間営業; 火曜日: 24 時間営業; 水曜日: 24 時間営業; 木曜日: 24 時間営業; 金曜日: 24 時間営業; 土曜日: 24 時間営業; 日曜日: 24 時間営業,OPERATIONAL,岡山币EChIJrwctqwsHVDUR4ebh3tAC_Jc
コザチEススポEチE庁E日本、、E00-0927 岡山県岡山市北区西古松E丁目E０EE！E086-239-4575,,34.6491079,133.906907,5,1,,,OPERATIONAL,岡山币EChIJ36KglZ8HVDURUNYRjVCkJpA
ノEトルダム渁EE子大学 一宮体育館,日本、、E01-1212 岡山県岡山市北区尾上２１２！E086-284-7207,,34.667562,133.861619,,,,,OPERATIONAL,岡山币EChIJ_ZwkkrYAVDURri4JKI-Z_tU
カーブス 岡山雁E,日本、、E03-8204 岡山県岡山市中区雁EE７０EEE086-279-3300,https://www.curves.co.jp/gbp_2209tr_3490/?s_id=90065,34.6846277,133.9695592,4.6,20,,"月曜日: 10晁E0刁EE3晁E0刁E 15晁E0刁EE9晁E0刁E 火曜�EE: 10晁E0刁EE3晁E0刁E 15晁E0刁EE9晁E0刁E 水曜日: 10晁E0刁EE3晁E0刁E 15晁E0刁EE9晁E0刁E 木曜日: 10晁E0刁EE3晁E0刁E 15晁E0刁EE9晁E0刁E 金曜日: 10晁E0刁EE3晁E0刁E 15晁E0刁EE9晁E0刁E 土曜日: 10晁E0刁EE3晁E0刁E 日曜日: 定休日",OPERATIONAL,岡山币EChIJVeUbtt8OVDUR5F7TPLb3LVE
メチEカルフィチEネスこうなめE日本、、E01-0211 岡山県岡山市南区東畦E５１EE！E086-282-1116,https://www.kounan-cl.com/shisetsu/fitness/,34.605598,133.880795,4,3,,月曜日: 9晁E0刁EE7晁E0刁E 火曜日: 9晁E0刁EE7晁E0刁E 水曜日: 9晁E0刁EE7晁E0刁E 木曜日: 9晁E0刁EE7晁E0刁E 金曜日: 9晁E0刁EE7晁E0刁E 土曜日: 9晁E0刁EE7晁E0刁E 日曜日: 定休日,OPERATIONAL,岡山币EChIJOZ5B2Sb5UzURDoMInx7vV1M
Mitsuzumi B.L.D,日本、、E00-0977 岡山県岡山市北区問屋町E１EE０！EMITSUZUMIビル 3F,086-239-0529,http://mitsuzumi.com/,34.6447501,133.8901301,4.3,4,,月曜日: 9晁E0刁EE3晁E0刁E 火曜日: 9晁E0刁EE3晁E0刁E 水曜日: 9晁E0刁EE3晁E0刁E 木曜日: 9晁E0刁EE3晁E0刁E 金曜日: 9晁E0刁EE3晁E0刁E 土曜日: 9晁E0刁EE3晁E0刁E 日曜日: 9晁E0刁EE3晁E0刁EOPERATIONAL,岡山币EChIJdeRquGYHVDUROzUXdKskJ7A
岡山プロポEションアカチEー,日本、、E00-0821 岡山県岡山市北区中山下１丁目E０EE！E新田ビル 6F,086-231-1755,https://www.n-pa.com/,34.6637172,133.9280007,4.8,142,,月曜日: 10晁E0刁EE0晁E0刁E 火曜日: 10晁E0刁EE0晁E0刁E 水曜日: 10晁E0刁EE0晁E0刁E 木曜日: 10晁E0刁EE0晁E0刁E 金曜日: 10EE00刁EE0晁E0刁E 土曜日: 10晁E0刁EE6晁E0刁E 日曜日: 定休日,OPERATIONAL,岡山币EChIJ69cjlzYGVDURoQtj9Rd89pY
(朁EアスリーチEレンタルスタジオ事業部,日本、、E00-0807 岡山県岡山市北区南方E丁目EEEE086-254-0007,https://nbma-okayama.jp/%E6%A1%88%E5%86%85/19348/,34.6778976,133.9212455,,,,月曜日: 10晁E0刁EE2晁E0刁E 火曜日: 10晁E0刁EE2晁E0刁E 水曜日: 10晁E0刁EE2晁E0刁E 木曜日: 10晁E0刁EE2晁E0刁E 金曜日: 10晁E0刁EE2晁E0刁E 土曜日: 10晁E0刁EE2晁E0刁E 日曜日: 10晁E0刁EE9晁E0刁EOPERATIONAL,岡山币EChIJS7kJvEEGVDURB8Jt8MniHQc
(株)サンクセルクル,日本、、E03-8265 岡山県岡山市中区倉田E９７EEEサンクセルクル,086-277-8815,http://www.cinqcercle.com/,34.629677,133.95754,,,,,OPERATIONAL,岡山币EChIJgbNQfGwIVDUR9F9278IVA-s
カーブス 庭瀬,日本、、E01-0151 岡山県岡山市北区平野９２！Eわたなべ生鮮館 2F,086-903-3226,https://www.curves.co.jp/gmb690/?s_id=91127,34.6467,133.854,4.4,20,,"月曜日: 10晁E0刁EE3晁E0刁E 15晁E0刁EE9晁E0刁E 火曜日: 10晁E0刁EE3晁E0刁E 15晁E0刁EE9晁E0刁E 水曜日: 10晁E0刁EE3晁E0刁E 15晁E0刁EE9晁E0刁E 木曜日: 10晁E0刁EE3晁E0刁E 15晁E0刁EE9晁E0刁E 金曜日: 10晁E0刁EE3晁E0刁E 15晁E0刁EE9晁E0刁E 土曜日: 10晁E0刁EE3晁E0刁E 日曜日: 定休日",OPERATIONAL,岡山币EChIJNySMt0T_UzURaIbpLOViFi8
ヒEローズ,日本、、E02-0971 岡山県岡山市北区野田E丁目EEE！E086-230-6988,http://heroes.main.jp/,34.6527144,133.903744,4.9,94,,月曜日: 10晁E0刁EE1晁E0刁E 火曜日: 10晁E0刁EE1晁E0刁E 水曜日: 10晁E0刁EE1晁E0刁E 木曜日: 10晁E0刁EE1晁E0刁E 金曜日: 10晁E0刁EE1晁E0刁E 土曜日: 10EEE00刁EE1晁E0刁E 日曜日: 定休日,OPERATIONAL,岡山币EChIJod94bgcIVDUR4W8N75YtTs4
yoga nadi,日本、、E00-0831 岡山県岡山市北区京橋町EEE！E,https://yoganadi-trinity.com/,34.6580308,133.9307059,5,8,,月曜日: 定休日; 火曜日: 定休日; 水曜日: 定休日; 木曜日: 14晁E0刁EE0晁E0刁E 金曜日: 10晁E0刁EE5晁E0刁E 土曜日: 8晁E5刁EE7晁E0刁E 日曜日: 8晁E5刁EE7晁E0刁EOPERATIONAL,岡山币EChIJqzHVODMGVDURorA7-mqb5yk
ライザチEE(RIZAP)岡山庁E日本、、E00-0822 岡山県岡山市北区表町E丁目EEE！E岡山県薬業会館ビル1F,0120-700-900,https://www.rizap.jp/studios/studio027,34.6644687,133.9291522,3.8,10,,月曜日: 7晁E0刁EE3晁E0刁E 火曜日: 7晁E0刁EE3晁E0刁E 水曜日: 7晁E0刁EE3晁E0刁E 木曜日: 7晁E0刁EE3晁E0刁E 金曜日: 7晁E0刁EE3晁E0刁E 土曜日: 7晁E0刁EE3晁E0刁E 日曜日: 7晁E0刁EE3晁E0刁EOPERATIONAL,岡山币EChIJRwC4Xk2_QzURGMNIXaDHrpU
ホットヨガロイブ岡山庁E日本、、E00-0935 岡山県岡山市北区神田町E丁目EEE！E0570-666-969,https://www.hotyoga-loive.com/studio/okayama/?utm_source=Google_mybusiness&utm_medium=link&utm_campaign=okayama,34.6390293,133.924316,4.8,111,,月曜日: 定休日; 火曜日: 10晁E0刁EE2晁E0刁E 水曜日: 10晁E0刁EE2晁E0刁E 木曜日: 17晁E0刁EE2晁E0刁E 金曜日: 10晁E0刁EE2晁E0刁E 土曜日: 10晁E0刁EE8晁E0刁E 日曜日: 10晁E0刁EE6晁E5刁EOPERATIONAL,岡山币EChIJ8SWC30sGVDURnk1KI0pVkJ0
ノアインドアスチEEジ岡山校,日本、、E00-0973 岡山県岡山市南区下中野１４０７EEE086-243-6522,https://noah-okayama.com/,34.6397382,133.9101829,4.4,15,,"月曜日: 定休日; 火曜日: 9晁E0刁EE3晁E0刁E 水曜日: 9晁E0刁EE5晁E0刁E 15晁E0刁EE3晁E0刁E 木曜日: 9晁E0刁EE3晁E0刁E 金曜日: 9晁E0刁EE3晁E0刁E 土曜日: 6晁E0刁EE1晁E0刁E 日曜日: 6晁E0刁EE7晁E0刁E,OPERATIONAL,岡山币EChIJVzjihJsHVDURqW_Tc6IAqCI
チEス&バドミントンスクール・ノア 岡山校,日本、、E00-0973 岡山県岡山市南区下中野１４０７EEE086-243-6522,https://noah-okayama.com/,34.639736,133.9101853,4.2,41,,月曜日: 定休日; 火曜日: 9晁E0刁EE1晁E0刁E 水曜日: 9晁E0刁EE2晁E0刁E 木曜日: 9晁E0刁EE1晁E0刁E 金曜日: 9晁E0刁EE2晁E0刁E 土曜日: 7晁E5刁EE1晁E0刁E 日曜日: 7晁E5刁EE6晁E0刁EOPERATIONAL,岡山币EChIJD_Rxq5wHVDUR6I1tY1B5j48
つめEスポEチEラチEアイ・マEレ,日本、、E08-0035 岡山県津山市吹屋町E！Eアイ・ふきや 2F,0868-25-1336,http://www.ai-mare.com/,35.0573331,133.999125,4.2,21,,月曜日: 10晁E0刁EE2晁E0刁E 火曜日: 10晁E0刁EE2晁E0刁E 水曜日: 10晁E0刁EE2晁E0刁E 木曜日: 10晁E0刁EE2晁E0刁E 金曜日: 10晁E0刁EE2晁E0刁E 土曜日: 10晁E0刁EE1晁E0刁E 日曜日: 10晁E0刁EE8晁E0刁EOPERATIONAL,津山币EChIJt1fvBx8xVDURlw_Y7unyLyk
カーブス 津山西,日本、、E08-0013 岡山県津山市二宮71番EEウエストランチE2F,0868-20-1993,https://www.curves.co.jp/gmb690/?s_id=91414,35.0605505,133.959185,4.5,20,,"月曜日: 10晁E0刁EE3晁E0刁E 15晁E0刁EE9晁E0刁E 火曜日: 10晁E0刁EE3晁E0刁E 15晁E0刁EE9晁E0刁E 水曜日: 10晁E0刁EE3晁E0刁E 15晁E0刁EE9晁E0刁E 木曜日: 10晁E0刁EE3晁E0刁E 15晁E0刁EE9晁E0刁E 金曜日: 10晁E0刁EE3晁E0刁E 15晁E0刁EE9晁E0刁E 土曜日: 10晁E0刁EE3晁E0刁E 日曜日: 定休日",OPERATIONAL,津山币EChIJvw9ZjDwwVDURdY5ps3g-dsw
YOGART,日本、、E08-0004 岡山県津山市山北６６０EEE石田ビル E階,080-4265-2712,http://www.yogartstudio.jp/,35.0697039,134.0075392,4.9,11,,"月曜日: 定休日; 火曜日: 10晁E0刁EE0晁E0刁E 水曜日: 19晁E0刁EE0晁E0刁E 木曜日: 14晁E0刁EE1晁E0刁E 金曜日: 10晁E0刁EE1晁E0刁E 18晁E0刁EE0晁E0刁E 土曜日: 10晁E0刁EE6晁E0刁E 日曜日: 9晁E0刁EE4晁E0刁E,OPERATIONAL,津山币EChIJDaJYOCIxVDURSDUrAqwiUXk
カーブス 津山小原,日本、、E08-0001 岡山県津山市小原E２５３EEE0868-35-0441,https://www.curves.co.jp/gmb690/?s_id=91791,35.0772064,133.998247,4.1,15,,"月曜日: 10晁E0刁EE3晁E0刁E 15晁E0刁EE9晁E0刁E 火曜日: 10晁E0刁EE3晁E0刁E 15晁E0刁EE9晁E0刁E 水曜日: 10晁E0刁EE3晁E0刁E 15晁E0刁EE9晁E0刁E 木曜日: 10晁E0刁EE3晁E0刁E 15晁E0刁EE9晁E0刁E 金曜日: 10晁E0刁EE3晁E0刁E 15晁E0刁EE9晁E0刁E 土曜日: 10晁E0刁EE3晁E0刁E 日曜日: 定休日",OPERATIONAL,津山币EChIJVVXF02sxVDURE7UhoU5GO1E
Globe Box,日本、、E08-0062 岡山県津山市京町E！EGlobe Box,0868-32-0155,https://www.globe2024.com/,35.0590902,134.0049508,4.6,16,,月曜日: 17晁E0刁EE0晁E0刁E 火曜日: 17晁E0刁EE0晁E0刁E 水曜日: 定休日; 木曜日: 定休日; 金曜日: 17晁E0刁EE0晁E0刁E 土曜日: 定休日; 日曜日: 定休日,OPERATIONAL,津山币EChIJoV6tcCMxVDUReNqXgfHw2kc
カーブス イオン津山,日本、、E08-0842 岡山県津山市河辺E０００EEE0868-35-3350,https://www.curves.co.jp/gmb690/?s_id=91105,35.0645922,134.0480893,4.6,32,,"月曜日: 10晁E0刁EE3晁E0刁E 15晁E0刁EE9晁E0刁E 火曜�E: 10晁E0刁EE3晁E0刁E 15晁E0刁EE9晁E0刁E 水曜日: 10晁E0刁EE3晁E0刁E 15晁E0刁EE9晁E0刁E 木曜日: 10晁E0刁EE3晁E0刁E 15晁E0刁EE9晁E0刁E 金曜日: 10晁E0刁EE3晁E0刁E 15晁E0刁EE9晁E0刁E 土曜日: 10晁E0刁EE3晁E0刁E 日曜日: 定休日",OPERATIONAL,津山币EChIJrTJ0vJw2VDURnmFU6lEGIvs
夢咲クラチE日本、、E09-3717 岡山県乁E郡美咲町原田E７２４EEE0868-66-0911,http://www.yumesaki.club/,34.998522,133.957632,3.7,3,,,OPERATIONAL,津山币EChIJAcEdriY7VDUR4gLKGZx96Dg
DOT YOGA,日本、、E07-0062 岡山県美作市湯郷E９！E070-5663-3345,https://sitayoga.jp/dotyoga/,34.9925616,134.1340936,,,,,OPERATIONAL,津山币EChIJm3Ga9f9IVDURgJIs-Qk7kWA
ユーズボウル津山,日本、、E08-0842 岡山県津山市河辺E４４EEE0868-21-7333,http://www.us-bowl.co.jp/tsuyama/,35.062131,134.048925,3.6,152,,月曜日: 10晁E0刁EE0晁E0刁E 火曜日: 10晁E0刁EE2晁E0刁E 水曜日: 10晁E0刁EE2晁E0刁E 木曜日: 10晁E0刁EE2晁E0刁E 金曜日: 10晁E0刁EE晁E0刁E 土曜日: 10晁E0刁EE晁E0刁E 日曜日: 10晁E0刁EE0晁E0刁EOPERATIONAL,津山币EChIJ5VU6yYQ2VDURw7JYIqTCFU4
津山総合体育館,日本、、E08-0004 岡山県津山市山北６６！E0868-24-0202,https://www.city.tsuyama.lg.jp/life/index2.php?id=8407,35.0689568,134.0083599,2.9,36,,月曜日: 定休日; 火曜日: 8晁E0刁EE1晁E0刁E 水曜日: 8晁E0刁EE1晁E0刁E 木曜日: 8晁E0刁EE1晁E0刁E 金曜日: 8晁E0刁EE1晁E0刁E 土曜日: 8晁E0刁EE1晁E0刁E 日曜日: 8晁E0刁EE7晁E0刁EOPERATIONAL,津山币EChIJa_xmhEcxVDURQFkYHtCAAKk
岡山県津山東体育館,日本、、E08-0822 岡山県津山市林田E２００EEE0868-24-0202,https://www.okayama-kanko.jp/spot/10471,35.067446,134.014681,,,,,OPERATIONAL,津山币EChIJc4y4hUkxVDURpbSKl0GWbik
鏡野町斁EスポEチEンター,日本、、E08-0324 岡山県苫田郡鏡野町竹田E５！E0868-54-3811,http://www.kirari-kagamino.com/untitled11.html,35.0910077,133.9344562,3.8,11,,月曜日: 定休日; 火曜日: 9晁E0刁EE2晁E0刁E 水曜日: 9晁E0刁EE2晁E0刁E 木曜日: 9晁E0刁EE2晁E0刁E 金曜日: 9晁E0刁EE2晁E0刁E 土曜日: 9晁E0EEEEE2晁E0刁E 日曜日: 9晁E0刁EE2晁E0刁EOPERATIONAL,津山币EChIJZ_JT0y8uVDURbBl2Pl8sXrw
学校法人美作学圁E体育館兼講堁E日本、、E08-0021 岡山県津山市北町,,,35.0667049,134.0052917,,,,,OPERATIONAL,津山币EChIJZ7LzNCwxVDURYDL7mcpqPiU
MOIS -aerial yoga- / モイス / エアリアルヨガスタジオ,日本、、E08-0021 岡山県津山市北町E０EEE北町ビル E階,,https://lin.ee/K4sCflP,35.0652485,134.0053775,,,,月曜日: 9晁E0刁EE7晁E0刁E 火曜日: 9晁E0刁EE7晁E0刁E 水曜日: 9晁E0刁EE7晁E0刁E 木曜日: 9晁E0刁EE7晁E0刁E 金曜日: 9晁E0刁EE7晁E0刁E 土曜日: 9晁E0刁EE7晁E0刁E 日曜日: 9晁E0刁EE7晁E0刁EOPERATIONAL,津山币EChIJ9fc1SgAxVDURjbMAxqJZokk
NBMA極真空手E岡山「津山道場、E日本、、E08-0003 岡山県津山市北園町E６EEE086-232-9000,https://nbma-okayama.jp/info/tsuyama/,35.0777895,134.0037485,,,,月曜日: 10晁E0刁EE2晁E0刁E 火曜日: 10晁E0刁EE2晁E0刁E 水曜日: 19晁E0刁EE2晁E0刁E 木曜日: 10晁E0刁EE2晁E0刁E 金曜日: 10晁E0刁EE2晁E0刁E 土曜日: 19晁E0刁EE2晁E0刁E 日曜日: 定休日,OPERATIONAL,津山币EChIJtTI8BUMxVDURYvah4Z3L_uY
Personal Training Gym TOMBLACK,日本、、E08-0024 岡山県津山市二階町E！E池田ビル,090-8231-9004,https://tomblack-physical.com/,35.05879780000001,134.0013542,4.8,49,,月曜日: 10晁E0刁EE2晁E0刁E 火曜日: 10晁E0刁EE2晁E0刁E 水曜日: 定休日; 木曜日: 10晁E0刁EE2晁E0刁E 金曜日: 10晁E0刁EE2晁E0刁E 土曜日: 10晁E0刁EE2晁E0刁E 日曜日: 10晁E0刁EE8晁E0刁EOPERATIONAL,津山币EChIJHYXAGT0xVDURRV98wVN9ZNI
Indoor Training Gym Slugger,日本、、E08-0074 岡山県津山市北区福渡町E！E0868-35-3765,,35.0600659,133.9968272,4.7,7,,,OPERATIONAL,津山币EChIJD0WZsR4xVDURrjR2woMNV08
Everyday Vibrant Activities Physical & Core Fitness Studio,日本、、E08-0034 岡山県津山市船頭町53番地,080-6433-0424,https://tsuyama.mypl.net/shop/00000376864/,35.0578618,134.004531,5,3,,月曜日: 10晁E0刁EE2晁E0刁E 火曜日: 10晁E0刁EE2晁E0刁E 水曜日: 10晁E0刁EE2晁E0刁E 木曜日: 10晁E0刁EE2晁E0刁E 金曜日: 10晁E0刁EE2晁E0刁E 土曜日: 10晁E0刁EE2晁E0刁E 日曜日: 10晁E0刁EE2晁E0刁EOPERATIONAL,津山币EChIJt_oHx-8xVDURhkpqMm7Mibk
スポEチEラブアクトスWill_GノEスランチE日本、、E08-0002 岡山県津山市上河原１６０EEE0868-35-0500,https://axtoslp.com/northland-lp/,35.0807143,134.0046001,4.7,110,,月曜日: 9晁E0刁EE2晁E0刁E 火曜日: 9晁E0刁EE2晁E0刁E 水曜日: 9晁E0刁EE2晁E0刁E 木曜日: 定休日; 金曜日: 9晁E0刁EE2晁E0刁E 土曜日: 10晁E0刁EE1晁E0刁E 日曜日: 10晁E0刁EE8晁E0刁EOPERATIONAL,津山币EChIJL7hVD7cxVDURTWEAepVh3Go
ワールドEラスジム 津山小田中庁E日本、、E08-0006 岡山県津山市小田中E８５７EEE0868-35-3434,https://www.worldplus-gym.com/shop/tsuyama-odanaka.html,35.0630163,133.9865394,4,10,,月曜日: 24 時間営業; 火曜日: 24 時間営業; 水曜日: 24 時間営業; 木曜日: 24 時間営業; 金曜日: 24 時間営業; 土曜日: 24 時間営業; 日曜日: 24 時間営業,OPERATIONAL,津山币EChIJuSLNGA8xVDUR4SdDn4ihEI0
オーバルスポEチEム玉野,日本、、E160011 岡山県玉野市宁EE丁目E８EEE0863-31-5800,http://www.oval-sports.com/schedule/tamano.html,34.4919384,133.944835,3.9,17,,月曜日: 9晁E0刁EE1晁E0刁E 火曜日: 定休日; 水曜日: 9晁E0刁EE1晁E0刁E 木曜日: 9晁E0刁EE1晁E0刁E 金曜日: 9晁E0刁EE1晁E0刁E 土曜日: 9晁E0EEEE1晁E0刁E 日曜日: 9晁E0刁EE8晁E0刁EOPERATIONAL,玉野币EChIJQfvqdXXwUzURPzaaCpafKSM
カーブス 岡山玉野,日本、、E06-0001 岡山県玉野市田井３丁目E２EE１８８EEE0863-33-6557,https://www.curves.co.jp/gmb690/?s_id=91714,34.5138403,133.953472,4.7,15,,"月曜日: 10晁E0刁EE3晁E0刁E 15晁E0刁EE9晁E0刁E 火曜日: 10晁E0刁EE3晁E0刁E 15晁E0刁EE9晁E0刁E 水曜日: 10晁E0刁EE3晁E0刁E 15晁E0刁EE9晁E0刁E 木曜日: 10晁E0刁EE3晁E0刁E 15晁E0刁EE9晁E0刁E 金曜日: 10晁E0刁EE3晁E0刁E 15晁E0刁EE9晁E0刁E 土曜日: 10晁E0刁EE3晁E0刁E 日曜日: 定休日",OPERATIONAL,玉野币EChIJQ6znv5rwUzURJlrgMPD_yEk
ソルトトレーニングスタジオ,日本、、E11-0937 岡山県倉敷市E島稗田町E７０！E086-472-6011,http://www.sun-glow.biz/,34.500518,133.808886,,,,,OPERATIONAL,玉野币EChIJ82gMT4viUzURRNaTvr_kXKo
カーブス 岡十E日本、、E02-8056 岡山県岡山市南区築港新町E丁目EEE！E小林ビル 2F,086-262-6684,https://www.curves.co.jp/gmb690/?s_id=90033,34.6074168,133.9376619,4.5,16,,"月曜日: 10晁E0刁EE3晁E0刁E 15晁E0刁EE9晁E0刁E 火曜日: 10晁E0刁EE3晁E0刁E 15晁E0刁EE9晁E0刁E 水曜日: 10晁E0刁EE3晁E0刁E 15晁E0刁EE9晁E0刁E 木曜日: 10晁E0刁EE3晁E0刁E 15晁E0刁EE9晁E0刁E 金曜日: 10晁E0刁EE3晁E0刁E 15晁E0刁EE9晁E0刁E 土曜日: 10晁E0刁EE3晁E0刁E 日曜日: 定休日",OPERATIONAL,玉野币EChIJFVlmCxv4UzURVYEMBjBoC0s
カーブス ハピータウン児島,日本、、E11-0921 岡山県倉敷市E島駁EE丁目E！E天満屋ハピEタウン児島庁E3F,086-472-1810,https://www.curves.co.jp/gbp_2209tr_3490/?s_id=90912,34.46683610000001,133.8041478,4.1,21,,"月曜日: 10晁E0刁EE3晁E0刁E 15晁E0刁EE9晁E0刁E 火曜日: 10晁E0刁EE3晁E0刁E 15晁E0刁EE9晁E0刁E 水曜日: 10晁E0刁EE3晁E0刁E 15晁E0刁EE9晁E0刁E 木曜日: 10晁E0刁EE3晁E0刁E 15晁E0刁EE9晁E0刁E 金曜日: 10晁E0刁EE3晁E0刁E 15晁E0刁EE9晁E0刁E 土曜日: 10晁E0刁EE3晁E0刁E 日曜日: 定休日",OPERATIONAL,玉野币EChIJi1fUERziUzUR50onQm3rY4Q
ノリトレング,日本、、E02-8038 岡山県岡山市南区松浜町E５EE！E090-8713-2736,http://nori-treng-studio.com/,34.6133364,133.9401973,4.8,4,,月曜日: 11晁E0刁EE2晁E0刁E 火曜日: 11晁E0刁EE2晁E0刁E 水曜日: 11晁E0刁EE2晁E0刁E 木曜日: 11晁E0刁EE2晁E0刁E 金曜日: 11晁E0刁EE0晁E0刁E 土曜日: 12晁E0刁EE2晁E0刁E 日曜日: 定休日,OPERATIONAL,玉野币EChIJlQKa2XoHVDURM10tiIZrH2c
EMOTION138,日本、、E10-0145 岡山県倉敷市福江２０３EEE086-485-5959,http://emotion138.com/,34.5286271,133.8029393,4.8,8,,月曜日: 16晁E0刁EE2晁E0刁E 火曜日: 16晁E0刁EE2晁E0刁E 水曜日: 16晁E0刁EE2晁E0刁E 木曜日: 16晁E0刁EE2晁E0刁E 金曜日: 16晁E0刁EE2晁E0刁E 土曜日: 定休日; 日曜日: 定休日,OPERATIONAL,玉野币EChIJ42vM_7DiUzURBB0oVcKemco
カーブス 倉敷茶屋町,日本、、E10-1101 岡山県倉敷市茶屋町E０１EEE086-428-3997,https://www.curves.co.jp/gbp_2209tr_3490/?s_id=91725,34.571,133.824,4.6,18,,"月曜日: 10晁E0刁EE3晁E0刁E 15晁E0刁EE9晁E0刁E 火曜日: 10EEE00刁EE3晁E0刁E 15晁E0刁EE9晁E0刁E 水曜日: 10晁E0刁EE3晁E0刁E 15晁E0刁EE9晁E0刁E 木曜日: 10晁E0刁EE3晁E0刁E 15晁E0刁EE9晁E0刁E 金曜日: 10晁E0刁EE3晁E0刁E 15晁E0刁EE9晁E0刁E 土曜日: 10晁E0刁EE3晁E0刁E 日曜日: 定休日",OPERATIONAL,玉野币EChIJHTvI_bH9UzUROjB4J80npxI
岡山市総合斁E体育館,日本、、E02-8024 岡山県岡山市南区浦安南町E９３EEE086-263-7474,https://www.okayama-park.or.jp/sougoubunka/,34.6002327,133.9158223,4,49,,月曜日: 8晁E0刁EE1晁E0刁E 火曜日: 定休日; 水曜日: 8晁E0刁EE1晁E0刁E 木曜日: 8晁E0刁EE1晁E0刁E 金曜日: 8晁E0刁EE1晁E0刁E 土曜日: 8晁E0EEEEE1晁E0刁E 日曜日: 8晁E0刁EE1晁E0刁EOPERATIONAL,玉野币EChIJs9G76U_4UzURSAbwJ3RGvpE
玉野市総合体育館,日本、、E06-0012 岡山県玉野市玉E丁目EEEE0863-32-3709,http://www.tamano-sports.com/,34.4804922,133.935188,3.5,55,,月曜日: 定休日; 火曜日: 9晁E0刁EE2晁E0刁E 水曜日: 9晁E0刁EE2晁E0刁E 木曜日: 9晁E0刁EE2晁E0刁E 金曜日: 9晁E0刁EE2晁E0刁E 土曜日: 9晁E0刁EE2晁E0刁E 日曜日: 9晁E0刁EE2晁E0刁EOPERATIONAL,玉野币EChIJhQ9bDK76UzURcyTYaqzrcKs
ワールドEラスジム玉野庁E日本、、E06-0011 岡山県玉野市宁EE丁目E８EE！E0863-31-3070,https://www.worldplus-gym.com/shop/tamano.html,34.4919134,133.9410314,4.6,72,,月曜日: 24 時間営業; 火曜日: 24 時間営業; 水曜日: 24 時間営業; 木曜日: 24 時間営業; 金曜日: 24 時間営業; 土曜日: 24 時間営業; 日曜日: 24 時間営業,OPERATIONAL,玉野币EChIJq2WdvPX7UzURa4oBbWTeP5Q
玉野スポEチEンター体育館,日本、、E06-0001 岡山県玉野市田井２丁目,0863-31-0888,http://www.tamasupo.net/facility/gymnasium/index.html,34.5126094,133.9367722,5,3,,,OPERATIONAL,玉野币EChIJse2Beav7UzUR_flOJG1yv9c
カラダコンチEショニングスタジオ【Spring、E日本、、E06-0021 岡山県玉野市和田E丁目E３EEE,https://lin.ee/qJ8XZou,34.46512209999999,133.9248804,4.9,9,,月曜日: 10晁E0刁EE9晁E0刁E 火曜日: 10晁E0刁EE9晁E0刁E 水曜日: 10晁E0刁EE6晁E0刁E 木曜日: 10晁E0刁EE6晁E0刁E 金曜日: 10晁E0刁EE4晁E0刁E 土曜日: 11晁E0刁EE9晁E0刁E 日曜日: 11晁E0刁EE9晁E0刁EOPERATIONAL,玉野币EChIJLd-UyvPlUzUR1vi0iTaGRos
シュミレーションゴルフ英EEなぶさ！E日本、、E09-1203 岡山県岡山市南区西紁E台E丁目E８EE５！E,https://www.instagram.com/hanabusa_harenokuni/,34.550316,133.8844893,5,1,,,OPERATIONAL,玉野币EChIJIeCJyaL7UzURUEuiLuLj9bQ
岡山市立灘崎中学校体育館,日本、、E09-1215 岡山県岡山市南区牁E,,,34.5400835,133.8664294,5,1,,,OPERATIONAL,玉野币EChIJcw4xEVz9UzUReNrxMCSbXEo
フィチEイージー 倉敷児島庁E日本、、E11-0906 岡山県倉敷市E島下E町E丁目E６EE５９３EE！E086-486-1858,https://fiteasy.jp/okayama-kurashikikojima/?utm_medium=google&utm_source=google_business_profile,34.4713861,133.8227513,4.6,45,,月曜日: 24 時間営業; 火曜日: 24 時間営業; 水曜日: 24 時間営業; 木曜日: 24 時間営業; 金曜日: 24 時間営業; 土曜日: 24 時間営業; 日曜日: 24 時間営業,OPERATIONAL,玉野币EChIJ4eHEYrfjUzURCB-V43LcEIo
てみると,日本、、E11-0906 岡山県倉敷市E島下E町E丁目E３EE！E086-474-3367,https://hirohouse.com/,34.4837607,133.8169791,,,,月曜日: 9晁E0刁EE0晁E0刁E 火曜日: 9晁E0刁EE0晁E0刁E 水曜日: 9晁E0刁EE0晁E0刁E 木曜日: 9晁E0刁EE0晁E0刁E 金曜日: 9晁E0刁EE0晁E0刁E 土曜日: 9晁E0刁EE0晁E0刁E 日曜日: 定休日,OPERATIONAL,玉野币EChIJhdPw10TiUzUROT20ebRoB6g
中山公圁E体育館,日本、、E11-0912 岡山県倉敷市E島小川町E８３！E倉敷市中山公園体育館,086-472-6060,http://www.city.kurashiki.okayama.jp/4708.htm,34.480818,133.810153,4,17,,月曜日: 8晁E0刁EE9晁E0刁E 火曜日: 8晁E0刁EE9晁E0刁E 水曜日: 8晁E0刁EE9晁E0刁E 木曜日: 8晁E0刁EE9晁E0刁E 金曜日: 8晁E0刁EE9晁E0刁E 土曜日: 8晁E0刁EE9晁E0刁E 日曜日: 8晁E0刁EE9晁E0刁EOPERATIONAL,玉野币EChIJ30wu1EHiUzURccX1G6puCTE
ジュエル整骨院,日本、、E02-8024 岡山県岡山市南区浦安南町E６３EEE080-6240-8689,https://ameblo.jp/xxx-jewel-xxx/themetop.html,34.5996402,133.9233951,5,6,,月曜日: 10晁E0刁EE1晁E0刁E 火曜日: 10晁E0刁EE1晁E0刁E 水曜日: 定休日; 木曜日: 10晁E0刁EE1晁E0刁E 金曜日: 10晁E0刁EE1晁E0刁E 土曜日: 10晁E0刁EEE21晁E0刁E 日曜日: 10晁E0刁EE1晁E0刁EOPERATIONAL,玉野币EChIJt3lojWUHVDURTHjSzRmAS4o
笠岡総合体育館,日本、、E14-0054 岡山県笠岡市平成町E３EEE0865-69-6622,https://www.city.kasaoka.okayama.jp/soshiki/44/2590.html,34.5021873,133.4882453,4.2,49,,月曜日: 9晁E0刁EE1晁E0刁E 火曜日: 9晁E0刁EE1晁E0刁E 水曜日: 9晁E0刁EE1晁E0刁E 木曜日: 9晁E0刁EE1晁E0刁E 金曜日: 9晁E0刁EE1晁E0刁E 土曜日: 9晁E0刁EE1晁E0刁E 日曜日: 9晁E0刁EE1晁E0刁EOPERATIONAL,笠岡币EChIJP8zY0NNqUTURfhx8FED6lOY
スポEチEラブＥEEEE笠岡,日本、、E14-0041 岡山県笠岡市E江１８！E0865-69-7066,http://www.enjoysc.jp/tenpo/index.php?c=tenpo_view&pk=3,34.490512,133.526176,3.6,25,,月曜日: 10晁E0刁EE1晁E0刁E 火曜日: 定休日; 水曜日: 10晁E0刁EE1晁E0刁E 木曜日: 10晁E0刁EE1晁E0刁E 金曜日: 10晁E0刁EE1晁E0刁E 土曜日: 10晁E0EEEE1晁E0刁E 日曜日: 10晁E0刁EE7晁E0刁EOPERATIONAL,笠岡币EChIJf8hrcVlqUTURbClNKO2kIcE
カーブス 岡山笠岡,日本、、E14-0081 岡山県笠岡市笠岡E０６EE！E0865-60-0211,https://www.curves.co.jp/gmb690/?s_id=91209,34.4992028,133.518621,4.3,18,,"月曜日: 10晁E0刁EE3晁E0刁E 15晁E0刁EE9晁E0刁E 火曜日: 10晁E0刁EE3晁E0刁E 15晁E0刁EE9晁E0刁E 水曜日: 10晁E0刁EE3晁E0刁E 15晁E0刁EE9晁E0刁E 木曜日: 10晁E0刁EE3晁E0刁E 15晁E0刁EE9晁E0刁E 金曜日: 10晁E0刁EE3晁E0刁E 15晁E0刁EE9晁E0刁E 土曜日: 10晁E0刁EE3晁E0刁E 日曜日: 定休日",OPERATIONAL,笠岡币EChIJlZ1wwPRqUTURlHPDVl_zNdk
流E市勤労老E育センター,日本、、E19-0243 岡山県流E市鴨方町鴨方E２４４EEE0865-44-7002,,34.531797,133.583763,3,1,,,OPERATIONAL,笠岡币EChIJNawP3LZDUTURrM1PV0n9fds
井原市竁E井原体育館,日本、、E15-0021 岡山県井原市上E部町E６７１EEE0866-63-0444,https://www.city.ibara.okayama.jp/soshiki/38/1590.html,34.588484,133.46264,3.8,21,,,OPERATIONAL,笠岡币EChIJ48_JhBI_UTURUuwdBiOjdXA
ミズノウエルネス笠岡,日本、、E14-0054 岡山県笠岡市平成町E３EEE0865-66-5280,https://www.mizuno.jp/facility/okayama/mizunowellness-kasaoka/,34.502172,133.488281,3.7,6,,月曜日: 9晁E0刁EE1晁E0刁E 火曜日: 9晁E0刁EE1晁E0刁E 水曜日: 9晁E0刁EE1晁E0刁E 木曜日: 9晁E0刁EE1晁E0刁E 金曜日: 9晁E0刁EE1晁E0刁E 土曜日: 9晁E0刁EE1晁E0刁E 日曜日: 定休日,OPERATIONAL,笠岡币EChIJixev1tNqUTURTNpp9bIm3Ew
フクチEEけんこうプラザ,日本、、E21-0942 庁E県福山市引野町E丁目EEE！E福山通運健康保険絁E保険会館,084-924-2012,,34.497988,133.415721,5,1,,月曜日: 9晁E0刁EE7晁E0刁E 火曜日: 9晁E0刁EE7晁E0刁E 水曜日: 9晁E0刁EE7晁E0刁E 木曜日: 9晁E0刁EE7晁E0刁E 金曜日: 9晁E0刁EE7晁E0刁E 土曜日: 定休日; 日曜日: 定休日,OPERATIONAL,笠岡币EChIJVVVFhQUUUTURp8XAeISUaqU
パEソナルトレーニングジムWAKE,日本、、E21-0942 庁E県福山市引野町E丁目E３EEE084-959-5092,https://www.wakegym.jp/,34.4929894,133.412789,4.8,72,,月曜日: 10晁E0刁EE2晁E5刁E 火曜日: 10晁E0刁EE2晁E5刁E 水曜日: 10晁E0刁EE2晁E5刁E 木曜日: 10晁E0刁EE2晁E5刁E 金曜日: 10晁E0刁EE2晁E5刁E 土曜日: 10晁E0刁EE2晁E5刁E 日曜日: 定休日,OPERATIONAL,笠岡币EChIJPSS3n_gTUTURFiL-znym_5k
カーブス ハローズ東福山,日本、、E21-0942 庁E県福山市引野町E丁目E５EE！E084-941-2294,https://www.curves.co.jp/gmb690/?s_id=91777,34.4898051,133.4108412,4.9,13,,"月曜日: 10晁E0刁EE3晁E0刁E 15晁E0刁EE9晁E0刁E 火曜日: 10晁E0刁EE3晁E0刁E 15晁E0刁EE9晁E0刁E 水曜日: 10晁E0刁EE3晁E0刁E 15晁E0刁EE9晁E0刁E 木曜日: 10晁E0刁EE3晁E0刁E 15晁E0刁EE9晁E0刁E 金曜日: 10晁E0刁EE3晁E0刁E 15晁E0刁EE9晁E0刁E 土曜日: 10晁E0刁EE3晁E0刁E 日曜日: 定休日",OPERATIONAL,笠岡币EChIJTziisP4TUTURjqv6lekeRhE
ヨガスタジオraviE福山庁E日本、、E21-0953 庁E県福山市一斁E町E４EEE福山コロナワールチE2F,,https://www.yogastudio-ravi.com/,34.465553,133.4065434,3.7,6,,月曜日: 10晁E0刁EE1晁E0刁E 火曜日: 10晁E0刁EE1晁E0刁E 水曜日: 10晁E0刁EE1晁E0刁E 木曜日: 10晁E0刁EE1晁E0刁E 金曜日: 10晁E0刁EE1晁E0刁E 土曜日: 定休日; 日曜日: 定休日,OPERATIONAL,笠岡币EChIJI2eZF20RUTURS0oa1FMbXMc
たく整骨院,日本、、E15-0021 岡山県井原市上E部町E７！E0866-62-8080,http://www.taku-seikotu.com/,34.5934536,133.4654288,4.5,4,,"月曜日: 9晁E0刁EE2晁E0刁E 15晁E0刁EE9晁E0刁E 火曜日: 定休日; 水曜日: 9晁E0刁EE2晁E0刁E 15晁E0刁EE9晁E0刁E 木曜日: 9晁E0刁EE2晁E0刁E 15晁E0刁EE9晁E0刁E 金曜日: 9晁E0刁EE2晁E0刁E 15晁E0刁EE9晁E0刁E 土曜日: 9晁E0刁EE2晁E0刁E 15晁E0刁EE9晁E0刁E 日曜日: 9晁E0刁EE2晁E0刁E,OPERATIONAL,笠岡币EChIJqdakOms_UTUR-QYS0UIITNE
ジャザサイズ福山南手城フィチEネスセンター,日本、、E21-0963 庁E県福山市南手城町E丁目E０EEE090-2864-3021,https://m.facebook.com/jazzercise.fukuyama.minamiteshiro/,34.4823447,133.3970377,4.8,8,,,OPERATIONAL,笠岡币EChIJq6o2U10RUTURuU_m5DlR0iY
カーブス めEタウン井原,日本、、E15-0022 岡山県井原市下E部町E丁目E１EEEめEタウン井原庁E2F,0866-67-3411,https://www.curves.co.jp/gmb690/?s_id=91647,34.5832405,133.4396446,4.7,6,,"月曜日: 10晁E0刁EE3晁E0刁E 15晁E0刁EE9晁E0刁E 火曜日: 10晁E0刁EE3晁E0刁E 15晁E0刁EE9晁E0刁E 水曜日: 10晁E0刁EE3晁E0刁E 15晁E0刁EE9晁E0刁E 木曜日: 10晁E0刁EE3晁E0刁E 15晁E0刁EE9晁E0刁E 金曜日: 10晁E0刁EE3晁E0刁E 15晁E0刁EE9晁E0刁E 土曜日: 10晁E0刁EE3晁E0刁E 日曜日: 定休日",OPERATIONAL,笠岡币EChIJKeSScVE-UTURDDMkcwvhrXQ
E−ｐｏｗａEE日本、、E21-0975 庁E県福山市西深津町E丁目E３EE！E084-982-8985,https://c-power.info/,34.4968578,133.3802977,5,3,,月曜日: 9晁E0刁EE0晁E0刁E 火曜日: 9晁E0刁EE0晁E0刁E 水曜日: 9晁E0刁EE0晁E0刁E 木曜日: 9晁E0刁EE0晁E0刁E 金曜日: 9晁E0刁EE0晁E0刁E 土曜日: 9晁E0刁EE0晁E0刁E 日曜日: 定休日,OPERATIONAL,笠岡币EChIJX4sP-DoRUTURtwOO74d5YVs
エニタイムフィチEネス 福山新涯庁E日本、、E21-0955 庁E県福山市新涯町E丁目E０EEE084-920-2577,http://www.anytimefitness.co.jp/shingai/,34.461646,133.3914947,3.8,57,,月曜日: 24 時間営業; 火曜日: 24 時間営業; 水曜日: 24 時間営業; 木曜日: 24 時間営業; 金曜日: 24 時間営業; 土曜日: 24 時間営業; 日曜日: 24 時間営業,OPERATIONAL,笠岡币EChIJN1U1VZkRUTURuK4KZBVnjB8
カーブス 新涯,日本、、E21-0958 庁E県福山市西新涯町E丁目E２EEE084-954-2294,https://www.curves.co.jp/gbp_2209tr_3490/?s_id=90789,34.4573275,133.3840544,4.2,25,,"月曜日: 10晁E0刁EE3晁E0刁E 15晁E0刁EE9晁E0刁E 火曜�E: 10晁E0刁EE3晁E0刁E 15晁E0刁EE9晁E0刁E 水曜日: 10晁E0刁EE3晁E0刁E 15晁E0刁EE9晁E0刁E 木曜日: 10晁E0刁EE3晁E0刁E 15晁E0刁EE9晁E0刁E 金曜日: 10晁E0刁EE3晁E0刁E 15晁E0刁EE9晁E0刁E 土曜日: 10晁E0刁EE3晁E0刁E 日曜日: 定休日",OPERATIONAL,笠岡币EChIJ7co2R7wRUTURI0nAaSPJDko
ファシオール スタジオ/バレエ・ヨガ,日本、、E20-0802 庁E県福山市松浜町E丁目EEE！E084-927-5848,https://facior.jp/salons/honten/studio/,34.4795681,133.3751011,4.7,7,,月曜日: 10晁E0刁EE0晁E5刁E 火曜日: 10晁E0刁EE1晁E0刁E 水曜日: 10晁E0刁EE0晁E0刁E 木曜日: 10晁E0刁EE0晁E5刁E 金曜日: 10晁E0刁EE0晁E0刁E 土曜日: 10晁E0刁EE9晁E5刁E 日曜日: 10晁E0刁EE9晁E0刁EOPERATIONAL,笠岡币EChIJbf2dSQQRUTUR0iBKhyX8WWM
ホットヨガスタジオCOCONOHA福山庁E日本、、E21-0958 庁E県福山市西新涯町E丁目E７EE！E084-954-0680,http://coconoha-yoga.com/,34.4589818,133.381833,4.8,29,,"月曜日: 9晁E0刁EE2晁E0刁E 18晁E0刁EE1晁E0刁E 火曜日: 9晁E0刁EE2晁E0刁E 18晁E0刁EE1晁E0刁E 水曜日: 9晁E0刁EE2晁E0刁E 18晁E0刁EE1晁E0刁E 木曜日: 9晁E0刁EE2晁E0刁E 18晁E0刁EE1晁E0刁E 金曜日: 9晁E0刁EE2晁E0刁E 19晁E0刁EE1晁E0刁E 土曜日: 9晁E0刁EE4晁E0刁E 日曜日: 9晁E0刁EE4晁E0刁E,OPERATIONAL,笠岡币EChIJuRgRm7sRUTUR88uIZPd-W30
なお整骨院,日本、、E20-0072 庁E県福山市吉津町E２EE！E084-925-6007,http://nao-seikotuin.jimdo.com/,34.4967137,133.3681353,4.9,19,,月曜日: 9晁E0刁EE1晁E0刁E 火曜日: 9晁E0刁EE1晁E0刁E 水曜日: 9晁E0刁EE1晁E0刁E 木曜日: 9晁E0刁EE1晁E0刁E 金曜日: 9晁E0刁EE1晁E0刁E 土曜日: 定休日; 日曜日: 定休日,OPERATIONAL,笠岡币EChIJd4GT56cWUTUR_Bb2niXS7X8
Sahasrara yoga studio サハスララヨガスタジオ,"日本、、E20-2124 庁E県福山市神辺町川南1304-1, 203",,https://www.sahasrara-yoga.com/,34.532437,133.3697938,3,2,,,OPERATIONAL,笠岡币EChIJfxvlsuEWUTURyUGSxFZEdLs
井原市芳井健康増進福祉施設ASUWA,日本、、E14-2111 岡山県井原市芳井町吉井３９９！E0866-72-9781,https://information.konamisportsclub.jp/trust/asuwa/,34.6245434,133.4332455,3.9,60,,月曜日: 10晁E0刁EE2晁E0刁E 火曜日: 10晁E0刁EE2晁E0刁E 水曜日: 10晁E0刁EE2晁E0刁E 木曜日: 10晁E0刁EE2晁E0刁E 金曜日: 定休日; 土曜日: 10晁E0刁EE0晁E0刁E 日曜日: 10晁E0刁EE0晁E0刁EOPERATIONAL,井原币EChIJ__8_y80-UTUR7tcDatAAebw
スポEチEラチEフィチE神辺,日本、、E20-2107 庁E県福山市神辺町新道丁E2丁目10∁E6,0120-240-142,https://www.fitta.jp/kannabe/?utm_source=google&utm_medium=maps,34.5447501,133.3571912,3.7,68,,月曜日: 24 時間営業; 火曜日: 24 時間営業; 水曜日: 24 時間営業; 木曜日: 定休日; 金曜日: 24 時間営業; 土曜日: 24 時間営業; 日曜日: 24 時間営業,OPERATIONAL,井原币EChIJ25a1HxAXUTURMUJSp8_e3fc
カーブス 神辺モール,日本、、E20-2123 庁E県福山市神辺町川北E４３！E084-963-1005,https://www.curves.co.jp/gmb690/?s_id=91145,34.5428599,133.3640859,4.5,16,,"月曜日: 10晁E0刁EE3晁E0刁E 15晁E0刁EE9晁E0刁E 火EEE日: 10晁E0刁EE3晁E0刁E 15晁E0刁EE9晁E0刁E 水曜日: 10晁E0刁EE3晁E0刁E 15晁E0刁EE9晁E0刁E 木曜日: 10晁E0刁EE3晁E0刁E 15晁E0刁EE9晁E0刁E 金曜日: 10晁E0刁EE3晁E0刁E 15晁E0刁EE9晁E0刁E 土曜日: 10晁E0刁EE3晁E0刁E 日曜日: 定休日",OPERATIONAL,井原币EChIJjTNYaQMXUTURHaXbIgrWjGU
キチEスクール フィチE神辺,日本、、E20-2107 庁E県福山市神辺町新道丁E2丁目10-26,0120-240-142,https://www.fitta.jp/kannabe/kids/?utm_source=google&utm_medium=maps,34.5434113,133.3584304,4.2,5,,月曜日: 9晁E0刁EE3晁E0刁E 火曜日: 9晁E0刁EE3晁E0刁E 水曜日: 9晁E0刁EE3晁E0刁E 木曜日: 定休日; 金曜日: 9晁E0刁EE3晁E0刁E 土曜日: 9晁E0刁EE0晁E0刁E 日曜日: 9晁E0刁EE0晁E0刁EOPERATIONAL,井原币EChIJ5ahW2qAXUTURyHeFJFY5KwA
スポEチEラブ！EウチEルネサンス 福山春日24,日本、、E21-0907 庁E県福山市春日町E丁目E７EE！E084-945-1777,https://www.s-re.jp/fukuyama-kasuga/?utm_source=google&utm_medium=gMybusiness,34.5031835,133.4061977,3.7,77,,月曜日: 24 時間営業; 火曜日: 24 時間営業; 水曜日: 24 時間営業; 木曜日: 0晁E0刁EE2晁E0刁E 金曜日: 定休日; 土曜日: 10晁E0刁EE晁E0刁E 日曜日: 24 時間営業,OPERATIONAL,井原币EChIJg61WL6gWUTURGYCvHbrP_Qo
倉敷市屋E水泳センター,日本、、E10-0038 岡山県倉敷市新田E４５！E086-424-9192,https://www.k-sports.or.jp/facilities/28065/,34.5853575,133.7743452,4,256,,月曜日: 9晁E0刁EE1晁E0刁E 火曜日: 定休日; 水曜日: 9晁E0刁EE1晁E0刁E 木曜日: 9晁E0刁EE1晁E0刁E 金曜日: 9晁E0刁EE1晁E0刁E 土曜日: 9晁E0刁EE9晁E0刁E 日曜日: 9晁E0刁EE9晁E0刁EOPERATIONAL,総社币EChIJJcDR4DRWUTURdvyRRG85Mk4
オーバルスポEチEム総社,日本、、E19-1126 岡山県総社市総社E００！E0866-93-1300,http://www.oval-sports.com/schedule/soja.html,34.676404,133.760552,4.1,32,,月曜日: 10晁E0刁EE1晁E0刁E 火曜日: 10晁E0刁EE1晁E0刁E 水曜日: 10晁E0刁EE1晁E0刁E 木曜日: 10晁E0刁EE1晁E0刁E 金曜日: 10晁E0刁EE1晁E0刁E 土曜日: 10晁E0刁EE0晁E0刁E 日曜日: 10晁E0刁EE8晁E0刁EOPERATIONAL,総社币EChIJ06S9lhlVUTURBaU16KAlouA
倉敷币E倉敷体育館,日本、、E10-0846 岡山県倉敷市上富井１EEE086-422-8680,,34.5860699,133.745157,3.7,15,,月曜日: 8晁E0刁EE1晁E0刁E 火曜日: 8晁E0刁EE1晁E0刁E 水曜日: 8晁E0刁EE1晁E0刁E 木曜日: 8晁E0刁EE1晁E0刁E 金曜日: 8晁E0刁EE1晁E0刁E 土曜日: 8晁E0刁EE1晁E0刁E 日曜日: 8晁E0刁EE1晁E0刁EOPERATIONAL,総社币EChIJodJGqw9XUTURZVrJgNJYDQs
カーブス 岡山総社,日本、、E19-1126 岡山県総社市総社E０００EEEアクロスプラザ総社 1F,0866-95-2111,https://www.curves.co.jp/gmb690/?s_id=91399,34.6761248,133.7600007,4.4,23,,"月曜日: 10晁E0刁EE3晁E0刁E 15晁E0刁EE9晁E0刁E 火曜日: 10晁E0刁EE3晁E0刁E 15晁E0刁EE9晁E0刁E 水曜日: 10晁E0刁EE3晁E0刁E 15晁E0刁EE9晁E0刁E 木曜日: 10晁E0刁EE3晁E0刁E 15晁E0刁EE9晁E0刁E 金曜日: 10晁E0刁EE3晁E0刁E 15晁E0刁EE9晁E0刁E 土曜日: 10晁E0刁EE3晁E0刁E 日曜日: 定休日",OPERATIONAL,総社币EChIJLyYKbhlVUTURmOe1af8DGpo
サンフラワースポEチEラチE日本、、E01-0114 岡山県倉敷市松島E１７！E086-463-1331,https://www.sunflower-net.jp/fitness-2,34.6291844,133.8021391,3.9,15,,月曜日: 9晁E0刁EE2晁E0刁E 火曜日: 9晁E0刁EE2晁E0刁E 水曜日: 9晁E0刁EE2晁E0刁E 木曜日: 9晁E0刁EE2晁E0刁E 金曜日: 9晁E0刁EE2晁E0刁E 土曜日: 9晁E0刁EE2晁E0刁E 日曜日: 定休日,OPERATIONAL,総社币EChIJSaHWkTz-UzURaJeUAqYo_so
ノア・インドアスチEEジ,日本、、E10-0003 岡山県倉敷市平田E１！E086-463-0400,https://noah-kurashiki.com/,34.6112515,133.7795637,3.8,14,,,OPERATIONAL,総社币EChIJIcI4Dw9WUTURvuR5ROyMGRQ
はあもにぁE敷,日本、、E10-0043 岡山県倉敷市羽島E６６EEE086-434-9039,https://www.harmony-k.jp/,34.5960909,133.7791578,3.9,12,,月曜日: 9晁E0刁EE1晁E0刁E 火曜日: 9晁E0刁EE1晁E0刁E 水曜日: 9晁E0刁EE1晁E0刁E 木曜日: 9晁E0刁EE1晁E0刁E 金曜日: 9晁E0刁EE1晁E0刁E 土曜日: 9晁E0刁EE1晁E0刁E 日曜日: 9晁E0刁EE7晁E0刁EOPERATIONAL,総社币EChIJyYAqiTxWUTURt_rTSMFMGHw
パEソナルトレーニングジム AIスタジオ倉敷庁E日本、、E10-0817 岡山県倉敷市大冁E２３７EEE086-486-0222,https://ai-dream.jp/?utm_source=map&utm_medium=link&utm_campaign=studio,34.60406760000001,133.7517228,5,65,,月曜日: 10晁E0刁EE3晁E0刁E 火曜日: 10晁E0刁EE3晁E0刁E 水曜日: 10晁E0刁EE3晁E0刁E 木曜日: 10晁E0刁EE3晁E0刁E 金曜日: 10晁E0刁EE3晁E0刁E 土曜日: 9晁E0刁EE0晁E0刁E 日曜日: 9晁E0刁EE4晁E0刁EOPERATIONAL,総社币EChIJK_426fdWUTURb9cfQcpaHVk
スポEチE アトム,日本、、E10-0011 岡山県倉敷市徳芳E６９EE！E086-462-9345,https://www.atom-personal.com/,34.6253747,133.8231456,,,,月曜日: 10晁E0刁EE1晁E0刁E 火曜日: 10晁E0刁EE1晁E0刁E 水曜日: 10晁E0刁EE1晁E0刁E 木曜日: 10晁E0刁EE1晁E0刁E 金曜日: 10晁E0刁EE1晁E0刁E 土曜日: 10晁E0刁EE1晁E0刁E 日曜日: 10晁E0刁EE1晁E0刁EOPERATIONAL,総社币EChIJtQ30olD-UzURUHkz93UqpGE
グンゼスポEチEイビEスクエア,日本、、E10-0054 岡山県倉敷市本町E６EE！EグンゼスポEチEラチE086-422-2001,http://www.gunzesports.com/kurashiki/?utm_source=google&utm_medium=maps,34.595715,133.7754904,3.7,78,,月曜日: 9晁E0刁EE2晁E0刁E 火曜日: 9晁E0刁EE2晁E0刁E 水曜日: 9晁E0刁EE2晁E0刁E 木曜日: 9晁E0刁EE2晁E0刁E 金曜日: 9晁E0刁EE2晁E0刁E 土曜日: 9晁E0刁EE1晁E0刁E 日曜日: 9晁E0刁EE9晁E0刁EOPERATIONAL,総社币EChIJXcS6azlWUTURtUX2f1v4M2o
BHファクトリー倉敷庁E日本、、E10-0038 岡山県倉敷市新田E９０！E086-421-2401,https://karadaikiki.net/,34.5806256,133.7751304,4.2,6,,月曜日: 24 時間営業; 火曜日: 24 時間営業; 水曜日: 24 時間営業; 木曜日: 24 時間営業; 金曜日: 24 時間営業; 土曜日: 24 時間営業; 日曜日: 24 時間営業,OPERATIONAL,総社币EChIJtfJGvMtXUTURRS2wgVx3EpU
KENKOUYA 倉敷庁E日本、、E10-0833 岡山県倉敷市西中新田E１９EEE,http://kenkouya.net/,34.5848871,133.7703875,4.9,156,,月曜日: 10晁E0刁EE3晁E0刁E 火曜日: 10晁E0刁EE3晁E0刁E 水曜日: 10晁E0刁EE3晁E0刁E 木曜日: 10晁E0刁EE3晁E0刁E 金曜日: 10晁E0刁EE3晁E0刁E 土曜日: 10晁E0刁EE3晁E0刁E 日曜日: 10晁E0刁EE3晁E0刁EOPERATIONAL,総社币EChIJO_-wp11XUTURYCipn3pyvAA
倉敷币E船穂武道館,日本、、E10-0261 岡山県倉敷市船穂町船穂２８９！E086-552-5172,http://funao-budoukan.jp/,34.5855519,133.7070646,4.1,8,,月曜日: 定休日; 火曜日: 8晁E0刁EE1晁E0刁E 水曜日: 8晁E0刁EE1晁E0刁E 木曜日: 8晁E0刁EE1晁E0刁E 金曜日: 8晁E0刁EE1晁E0刁E 土曜日: 8晁E0刁EE1晁E0刁E 日曜日: 8晁E0刁EE1晁E0刁EOPERATIONAL,総社币EChIJWyvGU65QUTURBdJprJik4_s
フィチEネスイノEーション,日本、、E10-0834 岡山県倉敷市笹沖６３８EEEオークビル E階E０！E070-8300-0284,http://www.ppsf-innovation.com/,34.5770797,133.7710507,5,4,,月曜日: 8晁E0刁EE2晁E0刁E 火曜日: 8晁E0刁EE2晁E0刁E 水曜日: 8晁E0刁EE2晁E0刁E 木曜日: 8晁E0刁EE2晁E0刁E 金曜日: 8晁E0刁EE2晁E0刁E 土曜日: 8晁E0刁EE2晁E0刁E 日曜日: 8晁E0刁EE2晁E0刁EOPERATIONAL,総社币EChIJ_0Jb8LdXUTUREbS3hmjXX5Q
BRIDGEPORT,日本、、E01-0205 岡山県岡山市南区妹尾E４６５EEEEEEEEEEEEE,086-259-4669,http://www.bridgeport2015.com/,34.62307,133.8662756,4.8,9,,月曜日: 12晁E0刁EE1晁E0刁E 火曜日: 12晁E0刁EE1晁E0刁E 水曜日: 定休日; 木曜日: 12晁E0刁EE1晁E0刁E 金曜日: 12晁E0刁EE1晁E0刁E 土曜EEE: 12晁E0刁EE1晁E0刁E 日曜日: 12晁E0刁EE1晁E0刁EOPERATIONAL,総社币EChIJ84UgXS3_UzUR5s-edZBu5EE
スリーウエルネス,日本、、E00-0962 岡山県岡山市北区北長瀬表町E丁目EEEE0120-244-688,https://3wellness.jp/,34.650807,133.885586,4.7,71,,,OPERATIONAL,総社币EChIJvzJss0IHVDURREfLonM5I9M
SpopFitness,日本、、E16-0035 岡山県高梁市栁EE９４３EEE0866-56-1881,https://www.spopfitness.com/,34.7897615,133.6153983,5,1,,月曜日: 10晁E0刁EE0晁E0刁E 火曜日: 定休日; 水曜日: 10晁E0刁EE0晁E0刁E 木曜日: 10晁E0刁EE0晁E0刁E 金曜日: 10晁E0刁EE0晁E0刁E 土曜日: 10晁E0刁EE0晁E0刁E 日曜日: 10晁E0刁EE8晁E0刁EOPERATIONAL,高梁币EChIJ9bu6Tq2zVjURnNAk9ImEsdE
Nima Gym,日本、、E16-0011 岡山県高梁市本町E１EEE0866-56-1125,https://nimagym0809.wixsite.com/website,34.79673,133.6157273,5,4,,,CLOSED_TEMPORARILY,高梁币EChIJFROTUiyzVjURM-GBvApwk1E
スタジオかりめぇら駐車場,日本、、E16-0004 岡山県高梁市E山丁E,,34.8113051,133.6169356,,,,,OPERATIONAL,高梁币EChIJcbFCSTWzVjURh5hicih57SU
カーブス めEタウン高梁E日本、、E16-0061 岡山県高梁市落合町阿部E７０！EめEタウン高梁E2F,0866-23-1702,https://www.curves.co.jp/gmb690/?s_id=90626,34.7770083,133.5880825,3.3,39,,"月曜日: 10晁E0刁EE3晁E0刁E 15晁E0刁EE9晁E0刁E 火曜日: 10晁E0刁EE3晁E0刁E 15晁E0刁EE9晁E0刁E 水曜日: 10晁E0刁EE3晁E0刁E 15晁E0刁EE9晁E0刁E 木曜日: 10晁E0刁EE3晁E0刁E 15晁E0刁EE9晁E0刁E 金曜日: 10晁E0刁EE3晁E0刁E 15晁E0刁EE9晁E0刁E 土曜日: 10晁E0刁EE3晁E0刁E 日曜日: 定休日",OPERATIONAL,高梁币EChIJiYdtSmOzVjURq0EzGRICQOQ
成羽体育館,日本、、E16-0121 岡山県高梁市E羽町成羽E２５１EEE,,34.7860571,133.5316451,,,,,OPERATIONAL,高梁币EChIJMb2NWgBLUTURDqAaMUvPoLk
河川敷 夏キャンチE日本、、E16-1311 岡山県高梁市巨瀬町 VJ8X+4M,,,34.8653045,133.6492322,,,,,OPERATIONAL,高梁币EChIJa66WQQCvVjURIVWNfA-qtw8
高梁市有漢体育館,日本、、E16-1321 岡山県高梁市有漢町有漢E３８！E0866-57-3200,https://www.city.takahashi.lg.jp/site/kyouikuiinkai/sports1.html,34.9040237,133.6635792,2.5,2,,月曜日: 8晁E0刁EE7晁E5刁E 火曜日: 8晁E0刁EE7晁E5刁E 水曜日: 8晁E0刁EE7晁E5刁E 木曜日: 8晁E0刁EE7晁E5刁E 金曜日: 8晁E0刁EE7晁E5刁E 土曜日: 定休日; 日曜日: 定休日,OPERATIONAL,高梁币EChIJoWrvGxOlVjURowQDV1yBTb4
新見市民運動E圁E新見市民体育館,日本、、E18-0002 岡山県新見市下E谷E２EEE0867-72-7389,https://www.city.niimi.okayama.jp/kurashi/kurashi_detail/index/20.html,34.997997,133.465458,4,9,,月曜日: 8晁E5刁EE1晁E0刁E 火曜日: 8晁E5刁EE1晁E0刁E 水曜日: 8晁E5刁EE1晁E0刁E 木曜日: 8晁E5刁EE1晁E0刁E 金曜日: 8晁E5刁EE1晁E0刁E 土曜日: 8晁E5刁EE1晁E0刁E 日曜日: 8晁E5刁EE7晁E0刁EOPERATIONAL,新見币EChIJgS2fvpfHVjUR_p89ShbTHLE
げんき庁EにぁE,日本、、E18-0005 岡山県新見市上市１５EEE0867-71-2168,http://ray-sports.jp/genki_web/,35.0048568,133.439027,4.2,50,,月曜日: 定休日; 火曜日: 9晁E0刁EE2晁E0刁E 水曜日: 9晁E0刁EE2晁E0刁E 木曜日: 9晁E0刁EE2晁E0刁E 金曜日: 9晁E0刁EE1晁E0刁E 土曜日: 9晁E0刁EE1晁E0刁E 日曜日: 9晁E0刁EE8晁E0刁EOPERATIONAL,新見币EChIJ3710oUnGVjURhw7vDn2cLdU
カーブス にぁEプラザ,日本、、E18-0003 岡山県新見市高尾E４７７EEEにぁEショチEングプラザ 2F,0867-71-5008,https://www.curves.co.jp/gmb690/?s_id=92063,34.9888826,133.4613952,4.8,22,,"月曜日: 10晁E0刁EE3晁E0刁E 15EEE00刁EE9晁E0刁E 火曜日: 10晁E0刁EE3晁E0刁E 15晁E0刁EE9晁E0刁E 水曜日: 10晁E0刁EE3晁E0刁E 15晁E0刁EE9晁E0刁E 木曜日: 10晁E0刁EE3晁E0刁E 15晁E0刁EE9晁E0刁E 金曜日: 10晁E0刁EE3晁E0刁E 15晁E0刁EE9晁E0刁E 土曜日: 10晁E0刁EE3晁E0刁E 日曜日: 定休日",OPERATIONAL,新見币EChIJs5tc6e3HVjURIV49CupoCC8
Qualityof Life,日本、、E18-0003 岡山県新見市高尾E４６５EEE090-2008-7268,,34.990323,133.4579432,5,1,,月曜日: 10晁E0刁EE5晁E0刁E 火曜日: 10晁E0刁EE2晁E0刁E 水曜日: 10晁E0刁EE2晁E0刁E 木曜日: 10晁E0刁EE2晁E0刁E 金曜日: 10晁E0刁EE2晁E0刁E 土曜日: 定休日; 日曜日: 定休日,OPERATIONAL,新見币EChIJAUALurbHVjUR8oaxkEoGPfg
新見市民運動E園体育館・管琁E務所,日本、、E18-0002 岡山県新見市下E谷E２EEE0867-72-7389,https://www.city.niimi.okayama.jp/kurashi/kurashi_detail/index/20,34.9980704,133.4656088,4.7,3,,,OPERATIONAL,新見币EChIJh-jrE63HVjURBcAbxD7Ti5k
哲西トレーニングルーム,日本、、E19-3812 岡山県新見市哲西町畑木E５８９EEE,,34.9212486,133.3282113,,,,月曜日: 18晁E0刁EE0晁E0刁E 火曜日: 定休日; 水曜日: 18晁E0刁EE0晁E0刁E 木曜日: 定休日; 金曜日: 18晁E0刁EE0晁E0刁E 土曜日: 定休日; 日曜日: 定休日,OPERATIONAL,新見币EChIJlXOjVs7TVjURm-F9GHWwr0c
カーブス 邑乁Eめタウン,日本、、E01-4221 岡山県瀬戸冁E邑乁E尾張E６！E0869-22-5252,https://www.curves.co.jp/gbp_2209tr_3490/?s_id=91683,34.6665202,134.0931837,4.5,21,,"月曜日: 10晁E0刁EE3晁E0刁E 15晁E0刁EE9晁E0刁E 火曜日: 10晁E0刁EE3晁E0刁E 15晁E0刁EE9晁E0刁E 水曜日: 10晁E0刁EE3晁E0刁E 15晁E0刁EE9晁E0刁E 木曜日: 10晁E0刁EE3晁E0刁E 15晁E0刁EE9晁E0刁E 金曜日: 10晁E0刁EE3晁E0刁E 15晁E0刁EE9晁E0刁E 土曜日: 10晁E0刁EE3晁E0刁E 日曜日: 定休日",OPERATIONAL,瀬戸冁EEChIJs5sdTjINVDUR8gcpM6N9JyA
カーブス マルナカ平亁E日本、、E03-8265 岡山県岡山市中区倉田E１１EEEマルナカ平井庁E2F,086-276-5888,https://www.curves.co.jp/gmb690/?s_id=91461,34.6325737,133.9560635,4.4,29,,"月曜日: 10晁E0刁EE3晁E0刁E 15晁E0刁EE9EEE00刁E 火曜日: 10晁E0刁EE3晁E0刁E 15晁E0刁EE9晁E0刁E 水曜日: 10晁E0刁EE3晁E0刁E 15晁E0刁EE9晁E0刁E 木曜日: 10晁E0刁EE3晁E0刁E 15晁E0刁EE9晁E0刁E 金曜日: 10晁E0刁EE3晁E0刁E 15晁E0刁EE9晁E0刁E 土曜日: 10晁E0刁EE3晁E0刁E 日曜日: 定休日",OPERATIONAL,瀬戸冁EEChIJ-X89X3EIVDUR1TaBjvG34Ms
カーブス 原尾島,日本、、E03-8256 岡山県岡山市中区原尾島E丁目EEメガネE三城,086-271-7770,https://www.curves.co.jp/gbp_2209tr_3490/?s_id=91178,34.6706811,133.9448524,4.6,18,,"月曜日: 10晁E0刁EE3晁E0刁E 15晁E0刁EE9晁E0刁E 火曜日: 10晁E0刁EE3晁E0刁E 15晁E0刁EE9晁E0刁E 水曜日: 10晁E0刁EE3晁E0刁E 15晁E0刁EE9晁E0刁E 木曜日: 10晁E0刁EE3晁E0刁E 15晁E0刁EE9晁E0刁E 金曜日: 10晁E0刁EE3晁E0刁E 15晁E0刁EE9晁E0刁E 土曜日: 10晁E0刁EE3晁E0刁E 日曜日: 定休日",OPERATIONAL,瀬戸冁EEChIJGZomfqAIVDURaFYqvCoGnjY
アクロポEチEフィチEネスラブEスイミングスクール,日本、、E09-0855 岡山県岡山市東区瀬戸町沖３３！E086-952-2855,http://www.acro.co.jp/,34.7192582,134.0442972,3.8,38,,月曜日: 10晁E0刁EE1晁E0刁E 火曜日: 10晁E0刁EE1晁E0刁E 水曜日: 10晁E0刁EE1晁E0刁E 木曜日: 10晁E0刁EE1晁E0刁E 金曜日: 10晁E0刁EE1晁E0刁E 土曜日: 10晁E0刁EE8晁E0刁E 日曜日: 10晁E0刁EE8晁E0刁EOPERATIONAL,瀬戸冁EEChIJ9QbNcXESVDUREyWlw7NWJCI
ヴィハEラ ヘアEEューチEライフサロン,日本、、E03-8205 岡山県岡山市中区中井１丁目E７EE！E0120-679-888,https://beauty.hotpepper.jp/slnH000438612/,34.6837862,133.9619538,4.4,8,,月曜日: 9晁E0刁EE9晁E0刁E 火曜日: 9晁E0刁EE9晁E0刁E 水曜日: 9晁E0刁EE9晁E0刁E 木曜日: 9晁E0刁EE9晁E0刁E 金曜日: 9晁E0刁EE9晁E0刁E 土曜日: 9晁E0刁EE9晁E0刁E 日曜日: 9晁E0刁EE9晁E0刁EOPERATIONAL,瀬戸冁EEChIJGehC8UkPVDURPtVAeifIe74
オーバルスポEチEム冁E,日本、、E03-8271 岡山県岡山市中区冁EE２５EEE086-277-1100,http://www.oval-sports.com/,34.6543869,133.966035,3.8,47,,月曜日: 9晁E0刁EE1晁E0刁E 火曜日: 9晁E0刁EE1晁E0刁E 水曜日: 9晁E0刁EE1晁E0刁E 木曜日: 9晁E0刁EE1晁E0刁E 金曜日: 9晁E0刁EE1晁E0刁E 土曜日: 9晁E0刁EE1晁E0刁E 日曜日: 9晁E0刁EE8晁E0刁EOPERATIONAL,瀬戸冁EEChIJdwnDc-wIVDURAx0FhxYeZKw
六番川水の公園体育館,日本、、E04-8163 岡山県岡山市東区十EE１４EE！E086-948-4515,,34.616195,133.9986202,3.9,25,,月曜日: 8晁E0刁EE1晁E0刁E 火曜日: 定休日; 水曜日: 8晁E0刁EE1晁E0刁E 木曜日: 8晁E0刁EE1晁E0刁E 金曜日: 8晁E0刁EE1晁E0刁E 土曜日: 8晁E0刁EE21晁E0刁E 日曜日: 8晁E0刁EE1晁E0刁EOPERATIONAL,瀬戸冁EEChIJ4-JCGL0JVDURV2ieHWaQM4c
JOYFIT24LITE 岡山高屁E日本、、E03-8233 岡山県岡山市中区高屋３０８EEE086-271-7790,http://joyfit.jp/okayamatakaya/,34.672465,133.966749,3.3,72,,月曜日: 24 時間営業; 火曜日: 24 時間営業; 水曜日: 24 時間営業; 木曜日: 24 時間営業; 金曜日: 24 時間営業; 土曜日: 24 時間営業; 日曜日: 24 時間営業,OPERATIONAL,瀬戸冁EEChIJ3dcC48sIVDURhYidQPF9xl8
村田フットサル,日本、、E01-4241 岡山県瀬戸冁E邑乁E福EE１２EEE,https://corporate.murata.com/ja-jp/group/okayamamurata/welfare,34.6771033,134.0783757,4,2,,,OPERATIONAL,瀬戸冁EEChIJmdRkoR0NVDUR-ierTv23tSA
ヨガ&たいわ『あぁE、E日本、、E01-4265 岡山県瀬戸冁E長船町福岡E４４EEE,https://aum-yoga-taiwa.amebaownd.com/,34.7054493,134.0889352,5,1,,,OPERATIONAL,瀬戸冁EEChIJjQ58n3UR5TQR99o10DO8lnE
瀬戸冁Eルーシャインズ屋E練習場,日本、、E01-4262 岡山県瀬戸冁E長船町東須EE３７３EEE,http://setouchi-gbbc.com/,34.6847807,134.1436537,5,5,,,OPERATIONAL,瀬戸冁EEChIJY6LdnQJtVDURM8pZRENPr0g
チEジム 瀬戸冁E日本、、E01-4276 岡山県瀬戸冁E長船町服部E９７EEE,,34.7130017,134.106302,5,4,,,OPERATIONAL,瀬戸冁EEChIJFy7Ots9tVDURBC9XifbhDoM
Evol Gym,日本、、E09-0631 岡山県岡山市東区東平島E０！E1隁E086-201-7228,https://www.evolgym.com/,34.7060026,134.0542483,5,4,,月曜日: 24 時間営業; 火曜日: 24 時間営業; 水曜日: 24 時間営業; 木曜日: 24 時間営業; 金曜日: 24 時間営業; 土曜日: 24 時間営業; 日曜日: 24 時間営業,OPERATIONAL,瀬戸冁EEChIJ2zfHPIENVDUR8Yk1e2fGB0M
ピラチEススタジオ アオハル,日本、、E04-8192 岡山県岡山市東区西大寺中野本町E０EE！E090-5370-3015,https://yoga-pilates-aoharu.jimdofree.com/,34.653807,134.0302777,5,5,,月曜日: 定休日; 火曜日: 10晁E0刁EE8晁E0刁E 水曜日: 10晁E0刁EE8晁E0刁E 木曜日: 10晁E0刁EE8晁E0刁E 金曜日: 10晁E0刁EE8晁E0刁E 土曜日: 9晁E0刁EE8晁E0刁E 日曜日: 定休日,OPERATIONAL,瀬戸冁EEChIJvVclO60NVDURht56GZTq-_4
シンバジム,日本、、E09-0632 岡山県岡山市東区南古都E６８EEEヒカリマンション 103,080-3888-4826,https://www.simbagym13.com/,34.7051624,134.0478944,5,6,,月曜日: 10晁E0刁EE1晁E0刁E 火曜日: 10晁E0刁EE1晁E0刁E 水曜日: 10晁E0刁EE1晁E0刁E 木曜日: 10晁E0刁EE1晁E0刁E 金曜日: 10晁E0刁EE1晁E0刁E 土曜日: 10晁E0刁EE1晁E0刁E 日曜日: 10晁E0刁EE1晁E0刁EOPERATIONAL,瀬戸冁EEChIJoRFhpggNVDURbDubLlu11kk
カーブス ハピータウン岡匁E日本、、E00-0804 岡山県岡山市北区中井町E丁目EEEEハピータウン岡匁E3F,086-234-8880,https://www.curves.co.jp/gbp_2209tr_3490/?s_id=91376,34.6795887,133.9286258,4.6,26,,"月曜日: 10晁E0刁EE3晁E0刁E 15晁E0刁EE9晁E0刁E 火曜日: 10晁E0刁EE3晁E0刁E 15晁E0刁EE9晁E0刁E 水曜日: 10晁E0刁EE3晁E0刁E 15晁E0刁EE9晁E0刁E 木曜日: 10晁E0刁EE3晁E0刁E 15晁E0刁EE9晁E0刁E 金曜日: 10晁E0刁EE3晁E0刁E 15晁E0刁EE9晁E0刁E 土曜日: 10晁E0刁EE3晁E0刁E 日曜日: 定休日",OPERATIONAL,赤磐币EChIJpdfeFxQGVDURg8TD4t9r3Ys
カーブス エブリイOkanaka津髁E日本、、E01-1145 岡山県岡山市北区横井上８３EEEエブリイOkanaka津髁E3F,086-253-1200,https://www.curves.co.jp/gmb690/?s_id=90122,34.6999372,133.9020853,4.8,25,,"月曜日: 10晁E0刁EE3晁E0刁E 15EE00刁EE9晁E0刁E 火曜日: 10晁E0刁EE3晁E0刁E 15晁E0刁EE9晁E0刁E 水曜日: 10晁E0刁EE3晁E0刁E 15晁E0刁EE9晁E0刁E 木曜日: 10晁E0刁EE3晁E0刁E 15晁E0刁EE9晁E0刁E 金曜日: 10晁E0刁EE3晁E0刁E 15晁E0刁EE9晁E0刁E 土曜日: 10晁E0刁EE3晁E0刁E 日曜日: 定休日",OPERATIONAL,赤磐币EChIJwbTI7oYGVDURAKjE_ZgwxaE
OSKスポEチEラブ岡山 | OSKGYM 24 | OSK KIDS,日本、、E00-0028 岡山県岡山市北区絵図町EEE！E086-252-3111,https://www.osk21.co.jp/,34.67570389999999,133.9205774,3.5,75,,月曜日: 24 時間営業; 火曜日: 24 時間営業; 水曜日: 24 時間営業; 木曜日: 24 時間営業; 金曜日: 24 時間営業; 土曜日: 24 時間営業; 日曜日: 24 時間営業,OPERATIONAL,赤磐币EChIJGRvDUUEGVDURcfra9GeockE
OSKスポEチEラチE藤厁E日本、、E03-8248 岡山県岡山市中区さいE４EEE086-271-1711,https://www.osk21.co.jp/fujiwara/,34.6811427,133.9484417,3.4,39,,月曜日: 6晁E0刁EE1晁E0刁E 火曜日: 定休日; 水曜日: 6晁E0刁EE1晁E0刁E 木曜日: 6晁E0刁EE1晁E0刁E 金曜日: 6晁E0刁EE1晁E0刁E 土曜日: 6晁E0刁EE9EEE00刁E 日曜日: 9晁E0刁EE9晁E0刁EOPERATIONAL,赤磐币EChIJ7RIa-KsIVDURJ_N6lmtztJQ
コナミスポEチEラチE岡山,日本、、E00-0903 岡山県岡山市北区幸町E０EEE086-222-3911,https://information.konamisportsclub.jp/ksc/004028/,34.6607824,133.9205522,3.7,137,,月曜日: 10晁E0刁EE3晁E0刁E 火曜日: 定休日; 水曜日: 10晁E0刁EE3晁E0刁E 木曜日: 10晁E0刁EE3晁E0刁E 金曜日: 10晁E0刁EE3晁E0刁E 土曜日: 10EE00刁EE1晁E0刁E 日曜日: 10晁E0刁EE8晁E0刁EOPERATIONAL,赤磐币EChIJ834GvbQHVDUR7bfwEqGNX3g
カーブス 赤磐山陽,日本、、E09-0816 岡山県赤磐市下市４７６EEE086-955-1101,https://www.curves.co.jp/gbp_2209tr_3490/?s_id=91571,34.7553698,134.0167325,4.5,11,,"月曜日: 10晁E0刁EE3晁E0刁E 15晁E0刁EE9晁E0刁E 火曜日: 10EEE00刁EE3晁E0刁E 15晁E0刁EE9晁E0刁E 水曜日: 10晁E0刁EE3晁E0刁E 15晁E0刁EE9晁E0刁E 木曜日: 10晁E0刁EE3晁E0刁E 15晁E0刁EE9晁E0刁E 金曜日: 10晁E0刁EE3晁E0刁E 15晁E0刁EE9晁E0刁E 土曜日: 10晁E0刁EE3晁E0刁E 日曜日: 定休日",OPERATIONAL,赤磐币EChIJMyvtmT4TVDURvAzNpUvQH7w
ワールドEラスジム 岡山あかぁE庁E日本、、E09-0816 岡山県赤磐市下市４７７EEE086-958-5202,https://www.worldplus-gym.com/shop/okayama-akaiwa.html,34.7558044,134.0162327,4.5,20,,月曜日: 24 時間営業; 火曜日: 24 時間営業; 水曜日: 24 時間営業; 木曜日: 24 時間営業; 金曜日: 24 時間営業; 土曜日: 24 時間営業; 日曜日: 24 時間営業,OPERATIONAL,赤磐币EChIJ7ZZl3DcRVDURs3ynY8lenf0
真庭市勝山健康増進施設 水夢,日本、、E17-0013 岡山県真庭市勝山E０２！E0867-44-7171,https://www.maniwa-sports.net/management/suimu/,35.0833385,133.7057089,3.6,20,,月曜日: 10晁E0刁EE1晁E0刁E 火曜日: 10晁E0刁EE1晁E0刁E 水曜日: 10晁E0刁EE1晁E0刁E 木曜日: 10晁E0刁EE1晁E0刁E 金曜日: 10晁E0刁EE1晁E0刁E 土曜日: 10晁E0刁EE1晁E0刁E 日曜日: 10晁E0刁EE0晁E0刁EOPERATIONAL,真庭币EChIJESlkwvybVjURcd7ZA5xcjkQ
白梁E合体育館,日本、、E19-3145 岡山県真庭市西河冁E８６EEE0867-52-5905,,35.0225068,133.7376053,3.6,27,,月曜日: 8晁E0刁EE2晁E0刁E 火曜日: 8晁E0刁EE2晁E0刁E 水曜日: 8晁E0刁EE2晁E0刁E 木曜日: 8晁E0刁EE2晁E0刁E 金曜日: 8晁E0刁EE2晁E0刁E 土曜日: 8晁E0刁EE2晁E0刁E 日曜日: 8晁E0刁EE7晁E0刁EOPERATIONAL,真庭币EChIJRd26CRmfVjURRi804ZNuw8A
BADASS DEPO (要予紁E,日本、、E19-3213 岡山県真庭市多田527E2,080-5233-6429,https://www.instagram.com/badass_depo_42/,35.0805253,133.7547036,5,19,,EEE曜日: 8晁E0刁EE3晁E0刁E 火曜日: 8晁E0刁EE3晁E0刁E 水曜日: 8晁E0刁EE3晁E0刁E 木曜日: 8晁E0刁EE3晁E0刁E 金曜日: 8晁E0刁EE3晁E0刁E 土曜日: 8晁E0刁EE3晁E0刁E 日曜日: 8晁E0刁EE3晁E0刁EOPERATIONAL,真庭币EChIJCX5zcuKdVjUR3jR9QyGNLzc
Fit Body Design,日本、、E17-0013 岡山県真庭市勝山E０EEE080-7705-5317,https://www.fitbody-d.com/,35.0871675,133.6905276,5,9,,月�EE日: 7晁E0刁EE3晁E0刁E 火曜日: 7晁E0刁EE3晁E0刁E 水曜日: 7晁E0刁EE3晁E0刁E 木曜日: 7晁E0刁EE3晁E0刁E 金曜日: 7晁E0刁EE3晁E0刁E 土曜日: 7晁E0刁EE3晁E0刁E 日曜日: 7晁E0刁EE3晁E0刁EOPERATIONAL,真庭币EChIJ6VC5uSKZVjUR5xRKSDmtjHs
美作市農業老Eレーニングセンター,日本、、E01-2604 岡山県美作市福本E５！E0868-72-8818,https://www.city.mimasaka.lg.jp/soshiki/kikaku/sports/shisetsu/1456977008564.html,34.9328074,134.1233269,4,1,,,OPERATIONAL,美作币EChIJr_ndv6VHVDURmTxoNc1HRt4
大芦高原体育館,日本、、E01-2614 岡山県美作市上山,0868-74-2585,https://unkai-onsen.com/facilities/,34.8895528,134.1282118,5,1,,,OPERATIONAL,美作币EChIJG0WBtixHVDURpDpMQoGjPpM
DAI conditioning room,日本、、E09-4322 岡山県勝田郡勝央町太平台E１７EEE080-9795-7203,,35.0454819,134.1019792,,,,月曜日: 9晁E0刁EE7晁E0刁E 火曜日: 9晁E0刁EE7晁E0刁E 水曜日: 定休日; 木曜日: 9晁E0刁EE7晁E0刁E 金曜日: 9晁E0刁EE7晁E0刁E 土曜日: 定休日; 日曜日: 定休日,OPERATIONAL,美作币EChIJsZwhNuFLVDURNASgscRNBTc
ハイポキマイン柵原坑遁E日本、、E08-1527 岡山県乁E郡美咲町柵原８０６EEE0868-62-1111,https://www.town.misaki.okayama.jp/soshiki/sangyoukankou/70.html,34.9521296,134.0652648,,,,月曜日: 8晁E0刁EE7晁E5刁E 火曜日: 8晁E0刁EE7晁E5刁E 水曜日: 8晁E0刁EE7晁E5刁E 木曜日: 8晁E0刁EE7晁E5刁E 金曜日: 8晁E0刁EE7晁E5刁E 土曜日: 8晁E0刁EE7晁E5刁E 日曜日: 8晁E0刁EE7晁E5刁EOPERATIONAL,美作币EChIJ6xBhfZI5VDURkOMPc5DQOPY
ゴールドジム 津山岡山,日本、、E08-0842 岡山県津山市河辺 濱田844-1 ユーズボウル冁EF,0868-35-3553,https://goldsgym-tuyama.com/,35.0621435,134.0489206,4.7,49,,月曜日: 10晁E0刁EE3晁E0刁E 火曜日: 10晁E0刁EE3晁E0刁E 水曜日: 10晁E0刁EE3晁E0刁E 木曜日: 10晁E0刁EE3晁E0刁E 金曜日: 10晁E0刁EE3晁E0刁E 土曜日: 10晁E0刁EE1晁E0刁E 日曜日: 10晁E0刁EE0晁E0刁EOPERATIONAL,美作币EChIJF2PaPgU3VDURMk6tF6c0sgY
メンズ・カーブス イオン津山,日本、、E08-0842 岡山県津山市河辺E０００EEE0868-26-8300,https://www.curves.co.jp/mens-gbp-website/?s_id=97010,35.064618,134.0482232,4.8,49,,"月曜日: 11晁E0刁EE3晁E0刁E 15晁E0刁EE0晁E0刁E 火曜日: 11晁E0刁EE3晁E0刁E 15晁E0刁EE0晁E0刁E 水曜日: 11晁E0刁EE3晁E0刁E 15晁E0刁EE0晁E0刁E 木曜日: 定休日; 金曜日: 11晁E0刁EE3晁E0刁E 15晁E0刁EE0晁E0刁E 土曜日: 10晁E0刁EE3晁E0刁E 15晁E0刁EE7晁E0刁E 日曜日: 定休日",OPERATIONAL,美作币EChIJBVbKv9c3VDURFwDhpLzHsHg
ジャザサイズ津山フィチEネスセンター,日本、、E08-0842 岡山県津山市河辺E０７２EEE090-7544-3928,https://www.facebook.com/jazzercise.tsuyama/,35.0619473,134.0437887,4.6,5,,,OPERATIONAL,美作币EChIJVVWFHZo2VDUR1XiWc8GuXfg
江見EクシングクラチE日本、、E08-0843 岡山県津山市国刁EEEE！E0868-26-8885,http://emiboxing.com/,35.057284,134.037409,5,5,,月曜日: 17晁E0刁EE1晁E0刁E 火曜日: 17晁E0刁EE1晁E0刁E 水曜日: 17晁E0刁EE1晁E0刁E 木曜日: 17晁E0刁EE1晁E0刁E 金曜日: 17晁E0刁EE1晁E0刁E 土曜日: 17晁E0刁EE1晁E0刁E 日曜日: 定休日,OPERATIONAL,美作币EChIJhwfhs782VDURcjjRsR1AObc
津山市東部小体育館,日本、、E08-1117 岡山県津山市草加部,,,35.0995334,134.0727391,4.3,3,,,OPERATIONAL,美作币EChIJHdlI0g01VDURDrcNdSR3-4M
ヒEリングサロン み・もEぁE癒ピラチEスSMK,日本、、E08-0841 岡山県津山市川崎５７！E,,35.0632533,134.0258847,5,6,,,OPERATIONAL,美作币EChIJDZ-TmWI3VDURbyrOSEYFLtY
奈義町立体育館・武道館,日本、、E08-1311 岡山県勝田郡奈義町乁EE２３EEE0868-36-2236,,35.121174,134.179997,4,1,,,CLOSED_TEMPORARILY,美作币EChIJtWYT5ISzVTURTpawIH289Jg
Life-Performance-LAB.,日本、、E08-0822 岡山県津山市林田E６７EEE090-2809-3793,https://life-performance-lab.com/,35.0651358,134.0245557,4.8,12,,月曜日: 9晁E0刁EE0晁E0刁E 火曜日: 9晁E0刁EE1晁E0刁E 水曜日: 9晁E0刁EE1晁E0刁E 木曜日: 9晁E0刁EE1晁E0刁E 金曜日: 9晁E0刁EE8晁E0刁E 土曜日: 13晁E0刁EE8晁E0刁E 日曜日: 定休日,OPERATIONAL,美作币EChIJRwUA6VUzVDURlgbudOKT8fA
津山市福岡体育館,日本、、E08-0862 岡山県津山市横山E２３４EEE0868-24-6664,,35.0531397,134.0098895,4,1,,月曜日: 9晁E0刁EE7晁E0刁E 火曜日: 9晁E0刁EE1晁E0刁E 水曜日: 9晁E0刁EE1晁E0刁E 木曜日: 9晁E0刁EE1晁E0刁E 金曜日: 9晁E0刁EE1晁E0刁E 土曜日: 9晁E0刁EE1晁E0刁E 日曜日: 9晁E0刁EE1晁E0刁EOPERATIONAL,美作币EChIJMWJrIyYxVDUR8RXWYN7X7Ts
Bon Climbing GymEEンクライミングジムEE日本、、E12-8001 岡山県倉敷市連島町西之浦E０４EEE086-451-4594,http://www.bonclimbinggym.com/,34.5488935,133.7077687,4.5,22,,月曜日: 13晁E0刁EE2晁E0刁E 火曜日: 定休日; 水曜日: 13晁E0刁EE2晁E0刁E 木曜日: 13晁E0刁EE2晁E0刁E 金曜日: 13晁E0刁EE2晁E0刁E 土曜日: 11晁E0刁EE0晁E0刁E 日曜日: 11晁E0刁EE0晁E0刁EOPERATIONAL,流E币EChIJMWRgHC9aUTURAwo63rLn7d8
スポEチEラブ！EウチEルネサンス 玉島24,日本、、E13-8102 岡山県倉敷市玉島E４！E086-522-7666,https://www.s-re.jp/tamashima/?utm_source=google&utm_medium=gMybusiness,34.5480388,133.6842461,3.6,98,,月曜日: 24 時間営業; 火曜日: 24 時間営業; 水曜日: 24 時間営業; 木曜日: 0晁E0刁EE3晁E0刁E 金曜日: 定休日; 土曜日: 7晁E0刁EE晁E0刁E 日曜日: 24 時間営業,OPERATIONAL,流E币EChIJY8grC65bUTURhhIcxXsxSYo
カーブス ハピータウン鴨方,日本、、E19-0252 岡山県流E市鴨方町六条院中E１２８EEE0865-44-0300,https://www.curves.co.jp/gmb690/?s_id=92142,34.5238424,133.5824672,4.6,17,,"月曜日: 10晁E0刁EE3晁E0刁E 15晁E0刁EE9晁E0EEE; 火曜日: 10晁E0刁EE3晁E0刁E 15晁E0刁EE9晁E0刁E 水曜日: 10晁E0刁EE3晁E0刁E 15晁E0刁EE9晁E0刁E 木曜日: 10晁E0刁EE3晁E0刁E 15晁E0刁EE9晁E0刁E 金曜日: 10晁E0刁EE3晁E0刁E 15晁E0刁EE9晁E0刁E 土曜日: 10晁E0刁EE3晁E0刁E 日曜日: 定休日",OPERATIONAL,流E币EChIJ-artwqVDUTURYrAowWgx880
アシスチE4流E里庁EE日本、、E19-0301 岡山県流E郡里庁E里見４３２５EEE0865-64-7588,https://24fitness-assist.com/asaguchi,34.5207024,133.5749417,4.4,9,,月曜日: 24 時間営業; 火曜日: 24 時間営業; 水曜日: 24 時間営業; 木曜日: 24 時間営業; 金曜日: 24 時間営業; 土曜日: 24 時間営業; 日曜日: 24 時間営業,OPERATIONAL,流E币EChIJiXukPk1DUTURGoE-6WMFVmg
Smile Inn YogaEスマイル イン ヨガEE日本、、E19-0301 岡山県流E郡里庁E里見２６６３EEE080-9137-4334,https://www.instagram.com/laughing_buddha_cafe?igsh=MWR2N2o0OWZ0NzIw&utm_source=qr,34.5145001,133.559917,,,,月曜日: 定休日; 火曜日: 9晁E5刁EE7晁E0刁E 水曜日: 定休日; 木曜日: 定休日; 金曜日: 定休日; 土曜日: 定休日; 日曜日: 定休日,OPERATIONAL,流E币EChIJZWGS3FNBUTURM9c7WESwyyQ
KKS 金E国際封E場,日本、、E19-0104 岡山県流E市光町占見新田E１２EE！E,,34.5393816,133.6150706,,,,,OPERATIONAL,流E币EChIJ4wSs5tNDUTURb7gj3mwnz8o
整体E美容鍼・ピラチEス Moveact金E庁E日本、、E19-0104 岡山県流E市光町占見新田E８３EEE080-9825-9742,https://moveact.net/konkou/?utm_source=GMapKonkou&utm_medium=GMapKonkou,34.5414111,133.6177709,5,49,,月曜日: 9晁E0刁EE1晁E0刁E 火曜日: 9晁E0刁EE1晁E0刁E 水曜日: 9晁E0刁EE1晁E0刁E 木曜日: 9晁E0刁EE1晁E0刁E 金曜日: 9晁E0刁EE1晁E0刁E 土曜日: 9晁E0刁EE1晁E0刁E 日曜日: 9晁E0刁EE1晁E0刁EOPERATIONAL,流E币EChIJbX1RBpRDUTURmmXAhoKgp_M
パEソナルトレーニングスタジオ紡,日本、、E19-0105 岡山県流E市光町占見１５６２EEE090-6744-7354,https://tsumugu-pts.com/,34.5458252,133.6197344,5,5,,月曜日: 8晁E0刁EE2晁E0刁E 火曜日: 8晁E0刁EE2晁E0刁E 水曜日: 8晁E0刁EE2晁E0刁E 木曜日: 8晁E0刁EE2晁E0刁E 金曜日: 8晁E0刁EE2晁E0刁E 土曜日: 8晁E0刁EE2晁E0刁E 日曜日: 8晁E0刁EE2晁E0刁EOPERATIONAL,流E币EChIJlbY1XcVFUTURtm7T-VcnVxk
ノEリミッチE岡山,日本、、E19-0302 岡山県流E郡里庁E新庁E９１７EEE山こやビル 2隁E0865-61-4742,https://nolimits-gym-okayama.com/,34.5056785,133.5504398,4.5,10,,月曜日: 14晁E0刁EE3晁E0刁E 火曜日: 14晁E0刁EE3晁E0刁E 水曜日: 14晁E0刁EE3晁E0刁E 木曜日: 定休日; 金曜日: 14晁E0刁EE3晁E0刁E 土曜日: 12晁E0刁EE8晁E0刁E 日曜日: 10晁E0刁EE8晁E0刁EOPERATIONAL,流E币EChIJn_GQ5xNBUTURMKiqEI7GdOE
笠岡币E市民体育センター,日本、、E14-0095 岡山県笠岡市E番町EEEE0865-63-1031,,34.494534,133.519852,3.6,15,,月曜日: 9晁E0刁EE1晁E0刁E 火曜日: 9晁E0刁EE1晁E0刁E 水曜日: 9晁E0刁EE1晁E0刁E 木曜日: 9晁E0刁EE1晁E0刁E 金曜日: 9晁E0刁EE1晁E0刁E 土曜日: 9晁E0刁EE1晁E0刁E 日曜日: 9晁E0刁EE1晁E0刁EOPERATIONAL,流E币EChIJIcl9YvZqUTURQ3-t7Rl8ijk
フィチEイージー 笠岡庁E日本、、E14-0081 岡山県笠岡市笠岡E０７EE！E0865-60-0820,https://fiteasy.jp/okayama-kasaoka/?utm_medium=google&utm_source=google_business_profile,34.4995216,133.513874,4.4,50,,月曜日: 24 時間営業; 火曜日: 24 時間営業; 水曜日: 24 時間営業; 木曜日: 24 時間営業; 金曜日: 24 時間営業; 土曜日: 24 時間営業; 日曜日: 24 時間営業,OPERATIONAL,流E币EChIJSbIn6d5rUTURnWgG1iFmEkMエニタイムフィチEネス 岡山今庁E日本、、E00-0975 岡山県岡山市北区今２丁目EEE！E086-241-1505,https://www.anytimefitness.co.jp/okayamaima/,34.6500947,133.8970643,3.2,59,,月曜日: 24 時間営業; 火曜日: 24 時間営業; 水曜日: 24 時間営業; 木曜日: 24 時間営業; 金曜日: 24 時間営業; 土曜日: 24 時間営業; 日曜日: 24 時間営業,OPERATIONAL,岡山币EChIJt9CdWrYHVDUR7WkLw2iOfLA
